ABANDON;[90]
ABDOMENS;[37]
ABDOMINAL;[37,37,95,95,149,149]
ABERRANT;[114]
ABERRATIONS;[117]
ABH;[167]
ABILITIES;[145]
ABILITY;[18,20,72,104,126,164]
ABLE;[135,137]
ABNORMAL;[24,32,59,105,117,135,140,144,150]
ABNORMALITIES;[14,14,14,16,20,42,46,46,59,76,84,97,117,117,117,140,149,149]
ABNORMALITY;[84,91,125,125,140,149,163,163]
ABNORMALLY;[110]
ABORTION;[117]
ABOUT;[4,43,51,73,86,86,92,164]
ABOVE;[3,31,65]
ABSCESSES;[149]
ABSENCE;[31,54,98,141,141]
ABSENT;[18,37,150,150]
ABSORB;[126]
ABSORBED;[70,97]
ABSORPTION;[46,46,46,46,46,46,46,46,46,68,70]
ABUNDANT;[99]
ACADEMICIANS;[134]
ACCELERATES;[105]
ACCEPT;[90]
ACCEPTED;[3,13,104]
ACCEPTOR;[53]
ACCIDENTAL;[12,165]
ACCOMPANIED;[1,27,30,71]
ACCOMPLISHED;[67]
ACCORDANCE;[7,12,167]
ACCORDED;[84]
ACCORDING;[60]
ACCOUNT;[18,24,87,141]
ACCUMULATING;[122]
ACCUMULATION;[140]
ACCURACY;[4,149,158]
ACCURATE;[77,112]
ACETATE;[33]
ACETYL;[23,70]
ACHIEVED;[61,89]
ACHIEVEMENT;[89]
ACHIEVEMENTS;[14]
ACHYLIA;[96]
ACID;[5,14,23,23,26,35,46,70,86,100,101,122,123,123,123,123,123,123,125,125,125,126,129,139,141,166]
ACIDS;[70,126,126,126,126,126,126,126,129,135,138,138]
ACROSS;[66]
ACTING;[123,123]
ACTION;[107,123,123]
ACTIONS;[49]
ACTIVATED;[26,81]
ACTIVATION;[3,4,102]
ACTIVE;[1,23,111,125]
ACTIVITIES;[26,44,44,52,150,150]
ACTIVITY;[2,5,5,5,5,18,18,19,19,19,19,19,19,26,26,26,52,53,54,67,71,71,85,93,102,114,114,114,118,118,118,118,118,118,124,125,140,140,141,141,141,141,141,141,141,141,166,166]
ACTS;[123]
ACTUALLY;[133,147]
ACUTE;[1,1,15,50,56,58]
ADAPTATION;[145]
ADDED;[54,72,131]
ADDITION;[1,14,44,89,107,110,137,163]
ADDITIONAL;[8,79,81,83,106,159]
ADDS;[72]
ADENOIDAL;[16]
ADENOMAS;[41]
ADENOMATOUS;[41]
ADEQUACY;[89,165]
ADEQUATE;[88,89,89,135,145,153]
ADJACENT;[86]
ADJUSTMENT;[127,127]
ADMINISTERED;[123,127,127,159]
ADMINISTRATION;[91,123,126,126,146,163]
ADMINISTRATIONS;[78]
ADMINISTRATIVE;[120]
ADMISSION;[73,73,73]
ADMISSIONS;[73,73,73,73]
ADMITTED;[88]
ADOLESCENCE;[43,136]
ADOLESCENT;[136]
ADULT;[2,2,22,26,43,70,71,107,116,136]
ADULTS;[3,5,5,17,17,51,64,107]
ADVANCED;[101,160]
ADVANCES;[14]
ADVANCING;[72]
ADVANTAGE;[86,104,104]
ADVANTAGES;[50,76,146,150]
ADVERSE;[82]
ADVICE;[153]
AEROSOL;[90,90,93,93,93,93,93,93,93,159]
AEROSOLS;[25,90]
AERUGINOSA;[1,1,1,6,6,6,6,6,6,7,7,7,7,7,7,8,8,8,8,8,18,18,62,79,80,80,81,110,123,123,135,148,159,159,159,160,161,161,161]
AETIOLOGICAL;[37,37]
AETIOLOGY;[2]
AFFECT;[145]
AFFECTED;[15,43,58,67,80,92,97,126]
AFFECTING;[133,148]
AFFECTION;[63]
AFFECTS;[69,133]
AFFINITY;[54,54,81]
AFFLICT;[134]
AFRO;[69]
AFTER;[3,21,30,34,57,59,61,65,70,86,86,87,94,98,101,104,108,114,116,116,118,118,118,119,147,152,152,159]
AGAIN;[77,121]
AGAINST;[1,1,6,7,7,7,80,81,81,81,82,152]
AGAR;[55]
AGE;[2,3,3,8,8,11,22,22,22,22,27,51,51,51,51,52,59,65,65,65,65,89,89,89,93,93,99,102,102,105,107,118,127,136,141,145,145,165]
AGED;[29,48,93,155,160]
AGENTS;[67]
AGES;[43,97,160]
AGGLUTINATED;[85]
AGGLUTINATES;[104]
AGGLUTINATING;[85,85]
AGGLUTINATION;[85,85]
AGGREGATED;[139]
AGGREGATION;[139,139]
AGNESE;[103,112]
AGREE;[18,143]
AGREEMENT;[68]
AGREES;[110]
AID;[4,16,72]
AIM;[76,153]
AIMED;[152]
AIR;[144,144,144,144,155,155]
AIRWAY;[11,22,22,24,24,144,144]
AIRWAYS;[56,60]
ALANINE;[70]
ALBUMIN;[33,35,35,38,38,38,62,62,63,63,158]
ALIMENTARY;[134]
ALKALINE;[59,139]
ALKYLATION;[23]
ALL;[1,8,23,31,43,43,55,55,59,60,62,62,63,63,63,65,67,77,88,89,89,93,95,98,98,107,108,122,137,139,141,144,148,150,151,159,159,161]
ALLELES;[71,71]
ALLERGENS;[55]
ALLERGIC;[11,11,11,21,23,23,23,56,58,159]
ALLERGIES;[11,11]
ALLERGY;[11,11,21,97]
ALLOCATED;[31]
ALLOWED;[93]
ALLOWING;[156]
ALONE;[87,123]
ALPHA;[33,33,71,71,71,71,71,71,71,71,92]
ALPHAAMYLASE;[114]
ALSO;[4,9,18,35,45,77,78,78,78,82,84,86,86,91,93,95,98,99,100,102,102,107,113,114,116,118,122,124,126,126,134,166]
ALTER;[19]
ALTERATION;[86,124]
ALTERATIONS;[63,63,100,124]
ALTERED;[45,60,118]
ALTERING;[140]
ALTERNATE;[81]
ALTHOUGH;[8,12,47,53,61,67,79,87,89,91,91,98,104,107,112,115,120,134,152]
ALVEOLAR;[18,18,18,18,18]
ALWAYS;[17,75]
AMBEIC;[41]
AMENABLE;[117]
AMERICA;[104]
AMERICANS;[69]
AMETACHROMATIC;[74,83]
AMINO;[14,23,46,101,122]
AMINOGLYCOSIDE;[152]
AMNIOCENTESIS;[14,117]
AMNIOTIC;[71,71,71,142]
AMONG;[39,39,65,106,162]
AMORPHOUS;[40,40]
AMOUNT;[106,131]
AMOUNTS;[33,59,139]
AMPICILLIN;[123]
AMPLE;[43]
AMYLASE;[2,2,2,2,2,150,150,150,150]
ANALYSED;[31]
ANALYSES;[131,165]
ANALYSIS;[1,3,4,14,31,106,141,151,155,158,162]
ANALYZED;[3,143,156]
ANALYZES;[154]
ANAPHYLATOXIN;[122,122,122]
ANAPHYLATOXINS;[122]
ANATOMICAL;[149]
AND;[1,1,1,1,2,2,2,2,3,3,3,3,3,3,4,4,4,5,5,5,5,5,6,6,6,6,6,6,7,7,7,7,7,8,8,8,8,8,8,8,9,9,10,11,11,11,11,11,13,14,14,14,14,14,14,14,14,14,15,16,16,16,16,17,17,17,17,17,17,18,18,18,18,18,18,18,19,19,19,19,19,19,19,20,20,20,21,22,22,22,23,23,23,23,23,23,23,23,24,24,24,24,25,25,26,26,26,26,26,27,28,28,28,28,28,30,30,30,30,30,31,31,31,31,32,32,32,33,33,33,33,34,34,34,34,34,34,37,37,37,37,37,38,38,39,39,39,39,40,41,41,41,41,41,42,43,43,43,43,43,43,43,43,43,43,43,43,44,44,45,45,46,46,46,47,47,47,47,47,48,48,48,49,49,50,50,51,52,52,53,53,53,53,53,54,54,54,54,55,55,55,55,55,55,55,55,56,56,56,56,56,57,58,58,58,58,58,58,58,59,59,60,60,60,60,60,61,61,61,61,62,62,62,62,62,62,63,63,63,63,63,63,63,63,63,64,64,65,65,65,65,66,66,66,66,67,67,67,67,68,68,68,69,69,69,70,70,70,70,71,71,71,71,71,71,71,72,72,72,72,73,73,73,73,73,73,73,73,73,73,73,74,74,75,75,75,75,75,75,76,76,76,76,76,77,78,78,78,79,79,79,79,80,80,80,81,81,81,81,81,82,82,83,83,83,83,83,83,83,83,83,84,84,84,84,85,85,85,85,86,86,86,87,87,87,87,87,87,88,89,89,89,89,89,89,89,89,89,89,90,90,90,90,91,91,91,92,92,92,92,92,93,93,94,94,94,95,95,95,95,95,96,96,96,97,97,97,98,98,98,98,98,98,98,99,99,99,100,100,100,100,101,101,101,101,101,102,102,102,102,102,102,102,102,102,102,102,103,103,103,103,103,104,104,104,104,104,104,105,105,106,106,106,106,107,107,107,107,108,108,109,110,110,111,111,111,112,112,113,114,114,114,114,114,115,115,116,116,116,116,116,116,117,117,117,117,117,117,118,118,118,118,118,118,118,118,118,118,119,119,121,121,121,121,121,121,121,121,122,122,122,122,122,122,123,123,124,124,124,124,124,125,125,126,126,126,127,129,130,130,131,131,131,131,133,133,133,133,134,134,134,134,134,134,134,135,135,135,135,135,135,136,136,136,136,137,137,137,137,137,137,137,137,137,137,137,139,139,139,139,139,139,139,139,140,140,140,140,140,140,141,141,141,141,141,141,141,141,141,141,141,142,142,143,143,143,143,143,143,143,143,143,143,143,143,143,143,143,143,144,144,144,144,144,144,144,144,144,144,144,144,145,145,145,145,146,147,147,147,148,148,148,148,149,149,149,149,149,150,150,150,150,151,152,152,152,152,152,153,153,153,154,154,155,155,155,155,155,156,157,158,158,158,160,160,160,161,161,161,161,161,161,163,163,163,163,163,163,163,164,164,165,165,165,165,165,165,165,165,165,165,165,166,166,166,167]
ANEMIA;[97,97,98,98,98,98]
ANIMAL;[46,114]
ANIMALS;[78]
ANIONIC;[66]
ANISYLALANINE;[70,70,70,70]
ANOMALY;[91]
ANOMASIA;[42,42]
ANOTHER;[12,19,80,106,126,141,141]
ANTI;[48,85,85]
ANTIBIOTIC;[58,67,152]
ANTIBIOTICS;[111,146,148,152]
ANTIBODIES;[48,48,48,55,55,55,80,80,81,81,81,81,81,81,86,110]
ANTIBODY;[34,34,80,80,81,164]
ANTICHYMOTRYPSIN;[33]
ANTIGEN;[7]
ANTIGENIC;[55]
ANTIGENS;[34,34,55,80,81,167]
ANTIPROTEASE;[71]
ANTISTAPHYLOCOCCAL;[48]
ANTITRYPSIN;[33,71,71,71,71,71,71,71,71]
ANY;[21,21,54,86,91,110,111,112,120,120,121,124,124,136,141,143]
AORTA;[100]
APART;[166]
APPARENT;[53,56,83,109,111,111,115,118,118,126]
APPARENTLY;[76,116,118,162]
APPEAR;[55,81,103,105,105,151]
APPEARANCE;[40,47]
APPEARED;[40,86,106]
APPEARS;[39,60,79,98,103,105,144]
APPENDECTOMY;[95]
APPENDICES;[95]
APPENDIX;[95,95]
APPLICABLE;[46]
APPLICATION;[72]
APPLICATIONS;[14,14]
APPLIED;[14,69]
APPRECIABLE;[124]
APPRECIATION;[95]
APPROACH;[71,77,77,117,126]
APPROACHES;[14,14,14]
APPROPRIATE;[43,48,58]
APPROXIMATELY;[39,69,73,88,104,141,156,159,163]
ARE;[7,8,8,12,13,15,17,18,18,28,28,32,33,33,37,37,38,39,40,41,41,41,43,43,43,43,43,43,46,46,46,46,46,47,48,49,58,59,60,63,65,67,68,69,73,76,76,76,77,77,78,78,79,79,81,82,86,88,92,97,97,101,103,110,110,112,117,117,118,118,120,121,126,127,130,130,131,133,133,133,134,134,135,135,136,136,136,139,140,140,141,143,145,152,152,153,156,157,158,162,165,165,165,165]
AREA;[77,130]
AREAS;[84,104]
ARGININE;[19,19,19,19,19,19,19,19,19,19,26,26,26,92,92,141,141,141,141,141,141]
ARGUED;[111]
ARISE;[69]
AROUND;[41,41]
ARTERIAL;[144,148]
ARTERIALIZED;[20,20]
ARTERIES;[100,100,100,100]
ARTERIOLES;[100]
ARTERY;[100]
ARTICLE;[3,134,147]
ARTICLES;[98]
ARTIFICIAL;[78,101,153]
ASCORBIC;[123,123,123,123,123,123]
ASIAN;[39]
ASPECT;[118]
ASPECTS;[43,55,76,77,78,95]
ASSAY;[107,137,137]
ASSAYED;[19,107,107]
ASSAYS;[112,112,112,112]
ASSESS;[127,144]
ASSESSED;[38]
ASSESSING;[37,155]
ASSESSMENT;[111,113,127,127,155]
ASSISTED;[155]
ASSOCIATED;[2,7,29,37,41,43,44,46,81,82,86,86,86,86,86,96,98,103,122,136,146,158]
ASSOCIATES;[18,18,26,26]
ASSOCIATION;[9,39,42,60,61,91,99,167]
ASTHMA;[20,21,21,21,47,56,56,56,56,56,60,60,60,60]
ASTHMATIC;[47,56]
ASYMPTOMATIC;[69]
ATAXIA;[16,16]
ATHENS;[105]
ATOPIA;[135]
ATP;[54]
ATPASE;[44,44,52,52,52,54,125,125,125,140,140,140,140]
ATROPHIC;[41]
ATROPHY;[2,34]
ATTACHED;[146]
ATTEMPT;[50,56,147]
ATTEMPTED;[35,165]
ATTEMPTS;[134]
ATTENDING;[30,111]
ATTENTION;[14,43,60,107,165]
ATTRACTIVE;[98]
ATTRIBUTABLE;[65,123]
ATTRIBUTED;[48]
AUCKLAND;[131]
AUGUST;[43]
AUKLAND;[105]
AUREUS;[8,8,8,8,8,61,61,62,62,86,110,110,135,152,160]
AUTHOR;[165]
AUTHORS;[10,147,147,166]
AUTOCHTHONOUS;[108]
AUTOMATED;[79]
AUTOPSY;[80,99,100]
AUTORADIOGRAPHY;[143]
AUTOSOMAL;[13,39,69,102,124,162]
AVAILABILITY;[87]
AVAILABLE;[69,69,120]
AVERAGE;[74,92,93,147]
AVOID;[75,152]
AVOIDING;[150]
AWARE;[103]
AWARENESS;[43,95]
AZOTORRHEA;[89,135]
BABIES;[30,37,37]
BABY;[37,37]
BACILLI;[61,164,164]
BACKGROUND;[58]
BACTERIA;[6,8,8,55,81,110]
BACTERIAL;[25,61,61,102,111]
BACTERICIDAL;[152]
BACTERIODES;[152]
BACTERIOLOGICAL;[7,8,8,48,62,64]
BACTERIOLOGY;[8,110]
BACTERIOPHAGE;[79]
BACTERIOSTATIC;[123]
BACTRIM;[123]
BAFALLUY;[121]
BALANCED;[18]
BAND;[141,141,141,141,150,150,150,150]
BANDS;[19,59,141,141,141]
BASAL;[163]
BASE;[92,143]
BASED;[49,73,73,78,97]
BASELINE;[149]
BASIC;[4,14,17,19,60,139]
BASIS;[9,14,43,104,118,121]
BEADED;[40]
BEARN;[121]
BEARS;[162]
BECAME;[14]
BECAUSE;[7,18,18,18,22,25,25,25,40,46,60,79,86,86,95,99,124,126,156]
BECOME;[61,79,135]
BECOMING;[110]
BED;[100]
BEEN;[1,1,6,7,8,14,18,19,19,21,29,34,34,38,39,39,42,47,49,51,52,62,63,63,64,64,67,67,67,77,78,79,79,81,82,84,86,86,86,89,90,91,95,98,101,104,104,104,104,106,107,111,111,111,112,114,115,117,125,125,126,126,131,140,141,146,150,160,163,163,165]
BEFORE;[10,14,61,73,105,111]
BEGAN;[2,103]
BEHAVIOR;[24,122,154]
BEHAVIOUR;[118]
BEING;[8,8,38,43,70,131,133,147,160]
BELIEVED;[90,147]
BELOW;[144]
BENEFIT;[82,156]
BENEFITS;[90,120]
BENGAL;[149]
BETA;[92,166,166,166]
BETTER;[11,89,125]
BETWEEN;[3,3,5,12,17,19,19,26,26,31,31,33,39,43,47,54,62,62,65,68,76,77,93,93,97,102,102,104,106,107,108,115,115,118,118,118,121,121,124,124,137,137,137,141,141,141,147,151,158,161,161]
BEYOND;[77,120,145]
BICARBONATE;[66,66,66]
BIFIDA;[117]
BIG;[3]
BIGGAR;[18,18]
BILE;[129,129]
BILIARY;[59,59,91,99]
BILIOUS;[37]
BINDING;[6,54,54,119,119,124,124,124,124,124,125,125,165]
BINDS;[139]
BIOASSAY;[122,122]
BIOCHEMICAL;[30,52,67,67,76,106,122]
BIOLOGIC;[67]
BIOPSIES;[151]
BIOPSY;[34,34,34,98]
BIRMINGHAM;[39]
BIRTH;[2,2,14,37,37,99,110,148]
BIT;[110]
BLACK;[13,13,130,130]
BLACKS;[13,13,13]
BLAND;[25]
BLASTIC;[48]
BLIND;[30]
BLOCK;[133]
BLOOD;[6,6,14,20,23,23,23,30,34,44,55,101,107,111,118,121,121,121,122,135,148,150,165,165,167]
BLUE;[74,83]
BODIES;[40,78,78,78,78]
BODY;[20,56,70,93,123]
BOLUS;[144]
BONE;[6,59,68]
BORE;[89]
BORN;[13,39,69]
BOTH;[9,10,19,45,66,66,68,80,85,86,86,92,92,106,114,116,121,133,146,156,161,167]
BOUND;[52]
BOVINE;[53]
BOWEL;[32,49]
BOWL;[109]
BOY;[12]
BRANCHES;[85,100]
BRANCHING;[34]
BREAD;[73,73]
BREAST;[97]
BREATH;[56]
BREATHING;[27,56,60,144]
BRIEF;[84]
BRISCOE;[22]
BRITAIN;[133]
BROAD;[152]
BROADENING;[34]
BRONCHI;[56,60]
BRONCHIAL;[17,166]
BRONCHIECTASIS;[17,47,107]
BRONCHIECTATIC;[47]
BRONCHIOLITIS;[148]
BRONCHITIC;[47]
BRONCHITIS;[47,56,56,58,107]
BRONCHO;[50]
BRONCHODILATORS;[21]
BRONCHOPULMONARY;[50,146]
BRONCHOSPASM;[21,25]
BROOKLYN;[130]
BROTH;[79]
BROTHER;[39]
BUFFER;[131,131]
BUFFERED;[124]
BULB;[30]
BURDEN;[136,136]
BURN;[164]
BURNS;[82]
BUT;[2,18,21,22,23,27,33,34,37,39,43,45,46,46,52,55,55,55,78,81,81,84,87,89,89,91,98,98,100,100,102,105,107,107,108,110,116,117,118,125,129,133,134,137,147,147]
BUTTERFLY;[146]
CACL;[54]
CADMIUM;[86]
CALCIUM;[40,40,40,52,139,139,139,139,139,139,147]
CALCULATE;[22]
CALCULATED;[13,137,144]
CALCULATION;[153]
CALF;[34]
CALIBER;[100]
CALORIE;[101]
CAMERA;[87,93]
CAN;[25,47,48,67,69,69,71,72,77,84,84,90,90,95,120,121,134,134,141,145,158,165,166]
CANCER;[82]
CANNOT;[18,46,90,104,118]
CAP;[146]
CAPABILITY;[134]
CAPABLE;[140]
CAPACITY;[5,18,20,71,71,119,119,144]
CAPILLARY;[77]
CAPP;[139,139,139,139,139,139,139,139,139,139,139]
CAPROIC;[122]
CARBOHYDRATE;[14,46,139,153]
CARBOXYPEPTIDASE;[107,122,122,122]
CARCINOMAS;[41,41]
CARDIAC;[99]
CARE;[43,98,133]
CAREFUL;[58]
CAREFULLY;[2,137]
CARRIED;[29,43,86,111,131]
CARRIER;[104,138]
CARRIERS;[19,19,83,104,108,112,118,118,118,133,143]
CASE;[9,12,34,39,42,48,94,97,97,97,98,99,103,104,104,133,157]
CASEIN;[5,5]
CASES;[12,25,29,30,37,37,37,38,38,39,50,74,94,95,111,111,111,120,130,130,156,156]
CATEGORIES;[28,75]
CATION;[125,125,140]
CATIONIC;[66]
CAUCASIAN;[104]
CAUCASIANS;[39,104,104,104,104]
CAUCASOID;[39]
CAUSATIVE;[91]
CAUSE;[24,25,63,117,134,134,134,139,165]
CAUSED;[48,120,126,137,159]
CAUSES;[59,157]
CDF;[122,122,122,122]
CEASED;[86]
CELIAC;[9,9,129]
CELIOTOMIES;[95]
CELL;[6,41,41,41,44,67,72,72,72,72,81,83,83,86,92,104,111,118,118,118,121,121,121,121,121,121,122,124,124,124,154,154,164,165]
CELLS;[6,6,6,6,6,6,6,6,7,7,41,41,41,44,45,66,67,67,67,106,106,108,118,118,124,125,140,140,142,142,143,143,143,143,143,154,154,154]
CELLULAR;[45,45,108,121]
CELLULOSE;[23,33]
CENT;[7,8,8,8,8,8,8,8,8,8,8,8,8,8,8,8,8,8,55,88,88,93,130]
CENTER;[30,141]
CENTURY;[73]
CEREAL;[34]
CEROID;[30]
CERTAIN;[43,82,102,104,104,111,134,158,167]
CERTAINLY;[121]
CERVICITIS;[15]
CETYL;[106]
CHAIN;[101]
CHANCE;[9,167]
CHANGE;[86,86,86,100,110,131]
CHANGED;[1,1]
CHANGES;[13,17,22,32,34,47,58,60,62,62,62,63,63,86,95,95,100,135]
CHARACTER;[162]
CHARACTERISE;[112]
CHARACTERISTIC;[17,47,58,60,64,96]
CHARACTERISTICS;[20,23,45,72,100]
CHARACTERIZATION;[67,142,165]
CHARACTERIZE;[139]
CHARACTERIZED;[16,56,60,148]
CHEAP;[109,116]
CHECKED;[127]
CHEMICAL;[40,78]
CHEST;[60,111]
CHICKEN;[143]
CHIEFLY;[133]
CHILD;[14,32,34,56,57,58,70,91,103,127,134,136]
CHILDHOOD;[65,67]
CHILDREN;[2,2,2,2,3,3,5,5,5,5,14,17,20,20,21,21,29,29,29,34,39,39,43,43,43,48,48,48,48,48,48,48,48,49,51,57,58,58,58,58,58,64,66,68,68,69,69,69,70,70,74,75,87,92,93,93,93,97,97,100,101,103,103,109,110,111,113,115,116,126,126,126,127,133,133,134,149,149,155,155,159,160,160,162,163,164]
CHLORAMPHENICOL;[123]
CHLORIDE;[19,65,65,65,65,65,65,65,91,91,91,94,106]
CHLOROFORM;[26,141]
CHOICE;[49,79,122]
CHOLEDOCHAL;[149]
CHROMATOGRAPHY;[23,141,141,143]
CHROMOSOMAL;[14,14,14]
CHROMOSOME;[117,117]
CHROMOSOMES;[67]
CHRONIC;[6,6,6,7,8,16,17,27,32,41,47,47,48,58,58,58,58,58,58,58,58,58,58,58,59,61,95,107,107,134,134,136,136,136,146,159,163,163,163,166]
CHRONICALLY;[7,7,7,7,43,136]
CHYMOTRYPSIN;[131,131]
CILIARY;[83,108,112,112,112,112,122,142]
CILIATED;[23]
CIRRHOSIS;[59,59,63,91,99]
CISTERNAE;[78]
CLAIMED;[111]
CLASS;[83,83,83,83,83]
CLASSES;[81,126]
CLASSIC;[95]
CLASSICAL;[81,110,110]
CLASSIFIED;[78]
CLEAR;[14]
CLEARANCE;[50]
CLEARING;[133]
CLEARLY;[56,71,76,120]
CLEFT;[58,58]
CLIMATIC;[105]
CLINDAMYCIN;[86]
CLINIC;[8,15,111,111]
CLINICAL;[1,8,11,12,13,22,27,30,34,38,48,48,50,58,61,61,63,63,63,64,72,82,83,89,93,95,98,102,112,127,141,148,153,159,163,164]
CLINICALLY;[32,62,90,99,111]
CLINICS;[30]
CLIPPINGS;[3,3,3,4,4,4,4]
CLOSE;[37,142]
CLOSELY;[15,46,89,90,93]
CLOSING;[20,20,20,24,24,144]
CLOXACILLIN;[91,91,91]
CLUES;[60]
CLUMPING;[45]
CLUMPS;[85]
CLUSTERS;[40]
COBURN;[19]
COELIAC;[2,2,5,34,34,34,73,73,73,73,73,73,153]
COEXISTENCE;[34]
COINCIDENCE;[12]
COINCIDENTAL;[15]
COLD;[78]
COLI;[148]
COLISTIN;[123]
COLITIS;[41,41]
COLLABORATION;[84]
COLLAGEN;[116]
COLLEAGUES;[102,105,116]
COLLECTED;[2,31,65,77,77,77,77,77,166]
COLLECTION;[4,4,118,150,158]
COLLEGE;[130]
COLLOID;[41,149]
COLON;[41]
COLONISATION;[102]
COLONIZATION;[7,8,8,8,61,61]
COLONIZE;[8]
COLONIZED;[7,7,7,7,7,7]
COLOUR;[131,131]
COLOURED;[39]
COLUMBIA;[13,30]
COLUMNS;[23]
COMBINATION;[10,12,108,123,123,123]
COMBINED;[15,37,123]
COMES;[4]
COMMENTS;[43]
COMMON;[55,58,58,58,58,84,101,104,160]
COMMONEST;[37,39,69,133,160]
COMMONLY;[59]
COMMUNICATION;[72]
COMMUNITY;[73,76]
COMPACT;[151]
COMPARABLE;[101,106,147,160]
COMPARE;[122,161]
COMPARED;[1,11,11,30,73,144,150,155,167]
COMPARISON;[20,35,44,93,107,118]
COMPATIBLE;[99,104]
COMPLAINTS;[58,58,95]
COMPLEMENT;[6,7,55,67,81,102,102,102,122]
COMPLETE;[86]
COMPLETED;[136]
COMPLETELY;[111,135]
COMPLEX;[56,97,98,98,98,98]
COMPLICATING;[37,63]
COMPLICATIONS;[17,58,64,124,156]
COMPONENT;[6,47,55,71,122,141]
COMPONENTS;[81,98,102,102,143]
COMPOSITION;[45,52,135]
COMPOSITIONAL;[139]
COMPOSITIONS;[23,143]
COMPOUNDS;[46]
COMPREHENSIVE;[143]
COMPULSORY;[83]
COMPUTER;[87,93,155]
CONCEIVABLE;[104]
CONCENTRATION;[4,18,18,18,48,52,55,55,55,61,70,70,71,94,103,124,126,139,139,150,163,165]
CONCENTRATIONS;[1,1,1,2,2,18,18,18,33,40,48,52,54,55,55,55,55,55,70,71,71,92,139,147]
CONCERN;[8,39]
CONCERNED;[18]
CONCERNING;[105,147]
CONCLUDE;[50,140,154]
CONCLUDED;[4,24,63,89,112,125,161]
CONCLUSION;[49,112,118]
CONCLUSIONS;[112]
CONCOMITANT;[12,126]
CONDITION;[5,11,17,32,37,48,80,84,95,97,109,135]
CONDITIONS;[2,2,9,12,37,46,56,56,60,60,78,78,93,105,116,122,126,135,138,138,149,158]
CONDUCTED;[49]
CONFINED;[125]
CONFIRM;[19,46,69,83,83,90,107,137,140,152]
CONFIRMED;[19,26,29,38,39,40,121]
CONFIRMING;[33]
CONFRONTING;[43]
CONFUSED;[60]
CONFUSION;[149]
CONGENITAL;[14,99]
CONGESTION;[59]
CONJUNCTIVAL;[16]
CONNECTED;[52,109]
CONNECTIVE;[100]
CONOVER;[102,107,107]
CONSANGUINITY;[162]
CONSEQUENCES;[67]
CONSEQUENTLY;[141]
CONSIDERABLE;[8,107,165]
CONSIDERABLY;[65,92]
CONSIDERATION;[165,165]
CONSIDERATIONS;[13,153]
CONSIDERED;[4,37,56,117,148,167]
CONSIDERS;[157]
CONSISTED;[145]
CONSISTENT;[31,83,141,141,145]
CONSISTENTLY;[31,44,59,114]
CONSISTING;[101]
CONSTANT;[43,62,62,62,62,146,147]
CONSTANTS;[24]
CONSTITUENTS;[52]
CONSTITUTE;[88]
CONSTITUTIVE;[86]
CONSULTATIONS;[162]
CONSUMING;[83]
CONTAIN;[33]
CONTAINED;[33,55,59]
CONTAINING;[126,131,159]
CONTAINS;[139,140]
CONTAMINATION;[4,25]
CONTENT;[4,5,19,23,31,31,31,31,31,31,45,45,71,71,96,119,121,166]
CONTINUED;[77]
CONTINUES;[146]
CONTINUING;[76]
CONTRACEPTION;[15]
CONTRACEPTIVE;[15]
CONTRADICTION;[118]
CONTRARY;[52]
CONTRAST;[7,8,47,67,141,162]
CONTRASTED;[73]
CONTRIBUTE;[139]
CONTROL;[1,5,19,22,22,24,26,26,41,46,53,53,54,70,77,92,103,107,113,137,140,141,141,141,141,141,141,145,147,147,147,154]
CONTROLLED;[57,67,123,135]
CONTROLLING;[137]
CONTROLS;[3,3,4,4,5,11,19,19,19,19,52,74,74,83,85,92,102,102,107,107,107,107,107,108,118,118,118,118,118,118,118,144,144,145,145,167]
CONVENTIONAL;[50]
CONVERTED;[122]
CONVINCED;[120]
CONVINCING;[25]
COOL;[105]
COORDINATED;[120]
COR;[100]
CORD;[71,71,71,71,71]
CORONARY;[164]
CORRECT;[79]
CORRECTED;[97,126,135]
CORRECTLY;[149,149]
CORRELATED;[1,6,7,47,62,63,63,63,64,81,89,129,155]
CORRELATION;[5,6,17,22,47,71,93,102,167]
CORRELATIONS;[83,165]
CORRESPONDED;[121]
CORRESPONDING;[23,51,141]
CORTICOSTEROIDS;[56,148]
COUGH;[27,56,56]
COULD;[3,7,14,14,19,19,33,45,52,71,87,90,95,110,111,111,112,123,141,150,156,167]
COUNSELING;[43]
COUNT;[111]
COUNTER;[104]
COUNTS;[111,143]
COURSE;[11,12,13,27,48,104,148]
COURSES;[61,61]
COUSIN;[9]
COW;[5,34]
CREATE;[43]
CREATINE;[30,30,30]
CREATINURIA;[30]
CRITERIA;[59,111]
CRITICAL;[75]
CROSS;[49,104]
CROSSED;[6,7,71,144]
CROUP;[56]
CRYSTAL;[40]
CRYSTALS;[40]
CULTURE;[23,23,44,58,67,67,67,67,72,74,83,83,108,108,111,121,121,138]
CULTURED;[45,53,67,72,72,72,74,121,121,124,143,161]
CULTURES;[83,83,83,83,106,106,106,108,121,121,122,148,161,161,161]
CURABLE;[149]
CURRENT;[89,165]
CURRENTLY;[165]
CURVATIVE;[123]
CURVES;[20,24,24,90,144,144,144,144]
CUTANEOUS;[16]
CYCLE;[154,154]
CYST;[17]
CYSTIC;[1,2,2,3,4,6,7,7,8,8,8,9,10,10,11,12,12,13,14,15,15,16,17,17,19,19,19,19,19,19,19,19,19,19,19,20,21,21,22,23,23,23,24,24,26,26,26,27,28,29,29,30,30,30,31,32,32,34,34,34,37,37,38,39,40,40,41,43,43,43,44,44,45,45,47,47,49,50,50,51,51,51,52,52,52,53,53,53,54,55,56,57,57,58,59,61,62,63,64,64,64,65,65,65,65,66,67,67,67,68,69,69,69,69,70,70,71,71,72,73,73,74,74,75,76,77,77,77,77,78,80,80,82,83,83,84,85,88,88,89,90,91,92,93,93,94,94,95,95,95,95,96,96,96,97,97,98,98,98,98,99,99,99,100,101,102,103,103,103,103,103,104,105,108,109,109,110,111,111,112,112,112,112,112,113,115,116,116,118,119,121,121,122,122,123,125,125,125,125,126,126,127,129,130,130,130,133,133,133,133,135,135,135,135,137,138,138,139,140,141,141,143,143,143,143,144,146,146,148,150,151,153,154,154,154,155,155,157,158,159,160,160,161,163,163,163,163,163,163,164,165,166,166,166,167]
CYSTICA;[117]
CYSTS;[149]
CYTOPLASMIC;[74,83,121,166]
DAHLQVIST;[2]
DAILY;[8]
DALTONS;[86,86]
DAMAGE;[1,1,55]
DANES;[121]
DANGEROUS;[37]
DATA;[18,65,71,81,84,90,92,107,110,126,127,141,143,148,161,165]
DATE;[21,126]
DAY;[61,99,105,118]
DAYS;[3,61,108,118]
DEAD;[109]
DEAE;[23,141]
DEAF;[29]
DEAFNESS;[29]
DEAL;[14]
DEATH;[82,165]
DECADE;[13]
DECIDUOUS;[75]
DECISION;[34]
DECLINED;[70]
DECREASE;[22,30,65,86,86,98,118,125,126]
DECREASED;[16,62,63,66,82,82,93,163,166]
DECREASES;[31,89]
DECREASING;[18,47]
DEFECT;[19,46,52,60,66,66,67,81,98,102,122,124,125,125,125,125,126,126,140,142,163]
DEFECTIVE;[122]
DEFECTS;[46,46,46,66,126,149]
DEFICIENCY;[16,18,18,19,19,19,26,30,68,71,71,79,81,89,89,89,98,122,126,126,126,129,141,157,157]
DEFICIENT;[126,143]
DEFICIENTIN;[122]
DEFINE;[14,56,56]
DEFINED;[11,134]
DEFINING;[140]
DEFINITION;[56]
DEFORMITY;[14]
DEGENERATION;[16]
DEGRADATION;[166]
DEGREE;[60,60,104,109]
DEGREES;[18,22,26,131]
DELAY;[148]
DELAYED;[70]
DELIVERY;[71,93]
DEMANDS;[43]
DEMOGRAPHIC;[127]
DEMONSTRABLE;[6,71,167]
DEMONSTRATE;[18,72,76,137]
DEMONSTRATED;[1,6,99,118,121,139,148,156,167]
DEMONSTRATES;[154]
DEMONSTRATION;[27,34,35,79,141]
DENSITIES;[115]
DENTIN;[75,75]
DENTINOENAMEL;[75]
DEPEND;[12,38,48]
DEPENDENT;[7,8,24,34,52,52,52,75,115,123,131]
DEPENDING;[93]
DEPLETION;[98,135]
DEPOSIT;[25]
DEPOSITED;[93]
DEPOSITION;[93,93]
DEPOSITS;[41,100]
DEPRESSED;[44,55]
DEPRESSION;[43]
DEPRIVATION;[145]
DERANGEMENT;[163]
DERIVATIVES;[56]
DERIVE;[71]
DERIVED;[6,6,45,67,142,154,154]
DERMATAN;[45]
DESCRIBE;[12,66]
DESCRIBED;[8,26,32,35,39,57,67,72,87,87,158,162,166]
DESCRIBES;[70]
DESCRIPTION;[115,130]
DESERVES;[107]
DESIGNED;[93]
DESIRABLE;[120]
DESPITE;[17,89,113,148]
DESTROYED;[85,114,114]
DETAIL;[46,158]
DETAILED;[153]
DETECT;[20,67,105,117]
DETECTABLE;[14,86]
DETECTED;[3,19,19,24,34,38,54,55,55,55,71,141,141]
DETECTING;[3,20,38,38]
DETECTION;[24,38,69,83,112,120,120,144]
DETERIORATION;[15,24,50,50]
DETERMINANT;[55]
DETERMINANTS;[86]
DETERMINATION;[14,144,165]
DETERMINE;[14,35,75,118,140,151,155]
DETERMINED;[2,47,48,63,69,75,89,92,144]
DETERMINING;[4,86]
DETRIMENTAL;[25,135]
DEVELOP;[97,133]
DEVELOPED;[14,15,21,77,82,97,111,127,131]
DEVELOPING;[148]
DEVELOPMENT;[4,12,14,14,34,42,67,74,145,145,163]
DEVIATIONS;[144]
DIABETES;[57,69,136,153]
DIAGNOSE;[72,134,134]
DIAGNOSED;[14,89,95,99,161]
DIAGNOSING;[3,149]
DIAGNOSIS;[4,10,14,14,14,14,14,14,14,14,14,14,19,33,34,37,60,60,69,71,71,72,77,89,89,89,95,99,112,133,148,148,150,156]
DIAGNOSTIC;[3,4,14,37,37,69,77,151]
DIARRHEA;[134,134,134,134]
DIARRHOEA;[46]
DID;[24,62,63,103,107,107,141,147]
DIET;[30,73,97,101,126,153,153,153]
DIETARY;[89,153,157,165]
DIETETICS;[153]
DIETHYLAMINOETHYL;[23]
DIETITIAN;[153]
DIFFER;[63,160]
DIFFERED;[23]
DIFFERENCE;[18,19,26,52,53,54,65,68,102,102,106,107,119,137,147,147,147,154,167]
DIFFERENCES;[19,19,33,49,52,62,62,65,77,77,85,107,115,115,118,118,118,118,124,124,124,137,137,138,138,139,141,141,141,145,145,145,145,147,151,161,161]
DIFFERENT;[4,28,43,102,105,121,136,164]
DIFFERENTIAL;[16,60]
DIFFERENTIATE;[33,56,76,108,149]
DIFFERENTIATED;[17]
DIFFERENTIATES;[108]
DIFFERENTIATION;[67,79]
DIFFERENTLY;[118]
DIFFERS;[80,134]
DIFFICULT;[8,76,105,118,136]
DIFFICULTIES;[43,136]
DIFFICULTY;[60]
DIFFRACTION;[40]
DIFFUSE;[149]
DIGESTED;[166]
DIGESTIVE;[133]
DIGITAL;[93]
DILUTION;[18]
DILUTIONS;[18]
DIMENSIONAL;[143]
DIMINISHED;[71,95,123,150]
DIPHTHERIA;[48]
DIPHTHERIAL;[48]
DIPLOCOCCUS;[8]
DIPLOID;[124]
DIRECT;[14,22,31,65]
DIRECTED;[80]
DIRECTIONAL;[118]
DIRECTLY;[75,112]
DISABILITY;[46]
DISABLING;[84]
DISADVANTAGEOUS;[73]
DISAPPEARED;[94]
DISC;[152]
DISCERN;[138]
DISCHARGE;[58]
DISCLOSED;[13,84]
DISCOLORATION;[75,75]
DISCOMFORT;[58,61]
DISCONTINUATION;[15]
DISCONTINUING;[159]
DISCOVERED;[9]
DISCRIMINATE;[158]
DISCRIMINATION;[3]
DISCUSS;[43,72]
DISCUSSED;[8,28,74,76,78,127,133,136,153,165]
DISCUSSION;[14]
DISEASE;[2,2,5,5,11,13,14,20,25,27,32,34,34,34,37,37,38,39,43,47,57,60,62,63,63,63,64,67,67,67,69,69,70,73,73,73,73,73,73,76,76,81,84,93,95,102,103,104,107,118,120,120,124,125,125,129,133,133,133,134,135,136,141,144,148,149,153,154,155,155,156,157,160,163,163,165]
DISEASED;[28]
DISEASES;[12,17,41,46,46,60,67,67,116,118,120,134,134,134,162,165,166]
DISINTEGRATED;[40]
DISORDER;[39,64,69,70,102,106,109]
DISORDERS;[14,14,14,14,14,14,14,14,14,14,14,14,14,46,46,46,56,72,72,76,76,100,117,120,120,133,153]
DISPARATE;[72]
DISPROPORTIONATE;[46]
DISPROVE;[90,147]
DISRUPTED;[100]
DISTENDED;[37]
DISTENSION;[37]
DISTINCT;[83]
DISTINCTIVE;[77]
DISTINGUISH;[107]
DISTINGUISHED;[45,47]
DISTORTED;[100]
DISTRESS;[99]
DISTRESSING;[34]
DISTRIBUTION;[4,93,93,155,162,165,165]
DISTRICT;[13]
DISTURBANCE;[45]
DISTURBANCES;[24]
DIVERGENCE;[119]
DIVERSE;[41]
DIVERSITY;[37]
DIVERTICULITIS;[41]
DIVIDED;[61,130]
DNA;[31,31,138]
DOCUMENT;[140]
DOCUMENTED;[99]
DOES;[17,31,47,58,67,68,73,103,105,105,107,108,139,151]
DOLAN;[163]
DONE;[88,135,135]
DONORS;[106]
DOSAGE;[49,75,159]
DOSE;[61,82,123,159,159]
DOSES;[61]
DOUBLE;[30]
DOUBLING;[154]
DOUBTFUL;[120]
DOUBTS;[43]
DOWN;[14,117]
DRAINAGE;[27]
DRAMATIC;[89]
DRAW;[113]
DREAM;[117]
DRUG;[59]
DRUGS;[15,91]
DRY;[137]
DUBOIS;[22]
DUCT;[66,66]
DUCTOGRAMS;[156]
DUCTS;[139]
DUE;[18,46,60,64,66,77,82,86,91,95,98,98,98,103,103,154]
DUODENAL;[5,5,5,150,150,150]
DURATION;[7,75]
DURING;[3,7,8,8,13,13,14,21,22,48,65,67,86,91,111,123,143,147]
DYNAMIC;[60]
DYSFUNCTION;[29,98]
DYSKINESIA;[122]
DYSKINESIS;[108]
DYSKINETIC;[83]
DYSPNEA;[56]
DYSTROPHY;[30]
EAC;[6]
EACA;[122,122,122]
EACH;[15,22,47,47,63,81,100,164]
EAR;[29,29]
EARLIER;[95,141]
EARLY;[3,31,37,43,57,67,89,109,111,111,113,115,117,120,144]
EASE;[28]
EASILY;[4,79]
EAST;[73]
EASY;[116]
EATEN;[73]
ECCRINE;[124]
ECONOMIC;[43]
ECONOMOU;[105]
ECONOMY;[163]
EDEMA;[91,94,94,97,98,98]
EDEMATOUS;[94]
EDUCATION;[133]
EDUCATIONAL;[136]
EFFECT;[7,11,18,27,52,137,137,137,137,165,165]
EFFECTIVE;[90]
EFFECTIVELY;[107]
EFFECTIVENESS;[49,67,152]
EFFECTS;[11,28,43,61,101,106,107,157,159,163]
EFFICACY;[25]
EFFICIENCY;[93,93]
EFFLUX;[125]
EFFORT;[24]
EIGHT;[13,61,70,100,141,151,159]
EIGHTY;[61]
EITHER;[18,26,31,31,47,52,60,61,81,108,154]
ELASTIC;[24,24,100]
ELASTICITY;[47,47,47,47,47,47]
ELECTRODE;[65,65]
ELECTROFOCUSING;[141,141]
ELECTROFUSING;[19]
ELECTROLYTE;[28]
ELECTROLYTES;[32,46,83,96,134]
ELECTRON;[40,40,151,151]
ELECTRONIC;[77]
ELECTROPHORESIS;[33,59,62,63,63,139]
ELECTROPHORETIC;[63,63,139]
ELEMENT;[86]
ELEVATED;[1,11,18,24,40,55,55,55,59,80,96,102,102,102,139,139]
ELEVATION;[92,102,102]
ELEVATIONS;[59,102]
ELICITED;[116]
ELIMINATE;[121]
ELIMINATED;[49]
ELIMINATES;[139]
ELIMINATION;[61,77]
ELLAGIC;[26,141]
ELLIOTT;[103,103,115,116,126]
ELUCIDATED;[126]
EMBARRASSING;[43]
EMOTIONAL;[43,43]
EMPHASIS;[95]
EMPHASIZED;[57]
EMPHASIZES;[42,84]
EMPLOYED;[19,33,90]
EMPLOYING;[77]
EMPLOYMENT;[43]
EMPTYING;[24]
EMPYEMA;[88,88,88,88]
EMPYEMAS;[88]
ENABLED;[67,127]
ENAMEL;[75,75]
ENDED;[127]
ENDEMIC;[104,104]
ENDOCRINE;[116]
ENDOCYTOSIS;[121]
ENDODERMAL;[163]
ENDOPLASMIC;[78]
ENDOSCOPIC;[156]
ENGLAND;[73,73,73,73,73]
ENGLISH;[73]
ENHANCED;[139]
ENOUGH;[24,77,79,104,117]
ENTER;[154]
ENTEROBACTERIACEAE;[8,8,8]
ENTEROGENIC;[5,5]
ENTIRE;[50]
ENTIRELY;[12,69,139]
ENTITY;[58,140]
ENTRY;[93]
ENZYME;[26,49,51,52,52,53,53,97,107,118,122,125,131,131,135,150,150,150]
ENZYMES;[68,150,150]
EOSINOPHILIA;[11]
EPIDEMIC;[67,104]
EPIDEMIOLOGICAL;[8,79]
EPITHELIAL;[66]
EPITHELIUM;[23,23,23]
EPSILON;[122]
EQUAL;[139,150,152,152]
EQUALLY;[103,130]
EQUATE;[76]
EQUIVALENT;[49]
ERADICATE;[159]
ERADICATING;[135]
ERADICATION;[80]
ERGOGRAPH;[30]
ERRONEOUS;[165]
ERRORS;[4,14,14,14]
ERYTHROCYTE;[52,54]
ERYTHROCYTES;[124,125,125,140]
ERYTHROMYCIN;[86,86,123,123,123]
ESCHERICHIA;[148]
ESPECIALLY;[7,8,107,119,165]
ESSENTIAL;[18,37,46,58,76,87,126,126,126,126,126,126]
ESSENTIALLY;[124]
ESTABLISH;[104]
ESTABLISHED;[71,71,79,120,120]
ESTABLISHMENT;[12,43,120]
ESTERASE;[19,19,19,19,19,19,26,26,26,141,141,141,141,141,141]
ESTERASES;[19]
ESTERS;[30,165]
ESTIMATED;[9,69]
ESTIMATION;[71]
ESTIMATIONS;[91,91]
ETHACRYNIC;[125,125,125]
ETHICAL;[76]
ETIOLOGIES;[165]
EURKARYOTE;[143]
EUROPEAN;[39,39]
EUROPEANS;[104]
EUSTACHIAN;[29]
EVALUATE;[165]
EVALUATED;[1,24,38,65,89,150,159,163,163]
EVALUATING;[149]
EVALUATION;[87,150,150]
EVEN;[18,24,105,116,120,134,136]
EVENT;[12]
EVENTUALLY;[43,109]
EVERY;[69]
EVIDENCE;[4,16,25,25,27,30,46,49,66,73,83,91,96,106,111,111,111,118,122,143]
EVIDENT;[111]
EVOKE;[164]
EVOKED;[114,114]
EXACERBATIONS;[61]
EXACT;[71]
EXACTLY;[46,104]
EXAMINATION;[11,58,60,65,149]
EXAMINATIONS;[7,8,8]
EXAMINED;[6,43,44,55,65,83,108,118,136,140,143,157]
EXAMPLES;[98]
EXCEEDED;[23]
EXCEEDING;[152]
EXCEEDINGLY;[69,101]
EXCEPT;[103,109]
EXCEPTION;[69]
EXCEPTIONS;[96]
EXCESS;[46,134,134]
EXCESSIVE;[24,101,109,116,134]
EXCESSIVELY;[109]
EXCHANGE;[24,37,125,141,155]
EXCHANGES;[155]
EXCLUDE;[104]
EXCLUDED;[10]
EXCLUDES;[71]
EXCLUSIVELY;[71]
EXCRETED;[70]
EXCRETION;[49,49,66,66,66,89,129]
EXERCISES;[27]
EXERT;[123]
EXHIBITED;[10,85]
EXIST;[104,137]
EXISTED;[104]
EXISTENCE;[83]
EXISTING;[89,112]
EXISTS;[17,71,104]
EXOCRINE;[66,125,129]
EXOCYTOSIS;[121]
EXOGENOUS;[53]
EXOTOXINS;[81]
EXPANSION;[14]
EXPECTANCY;[136]
EXPECTED;[32,73,73]
EXPECTORANT;[163]
EXPECTORATED;[31]
EXPEDIENT;[117]
EXPENSE;[7]
EXPENSIVE;[83]
EXPERIENCE;[43,88,101,111,120,146]
EXPERIENCED;[43,104]
EXPERIMENTAL;[78,107]
EXPERIMENTS;[18,18,46,123]
EXPIRATORY;[20,24,90,144]
EXPLAINED;[24,24,162]
EXPLANATION;[104,104,118,154]
EXPLANTED;[23]
EXPLORATORY;[95]
EXPONENTIAL;[143]
EXPONENTIALLY;[70]
EXPOSURE;[78,109,110]
EXPRESS;[124]
EXPRESSED;[8,49,71,144]
EXTEND;[141]
EXTENT;[55,73,75,89,143]
EXTRACHROMOSOMAL;[86]
EXTRACTION;[69,138]
EXTRACTS;[21,21,68]
EXTRANEOUS;[165]
EXTRAORDINARILY;[134]
EXTREMELY;[5,71,71,120]
EXTRINSIC;[149]
FACE;[21,98]
FACES;[136]
FACILITATE;[77,83]
FACILITY;[87]
FACT;[48,76,76,95,110,142,163]
FACTOR;[7,83,85,87,107,114,114,122,140,140,140,148]
FACTORS;[37,37,37,37,91,114,114,114,141,165,165]
FAECAL;[49,131,131]
FAECES;[131]
FAILED;[50,147]
FAILURE;[37,46,89,98,138,148,154,154]
FALSE;[111,111]
FALSELY;[94]
FAMILIAL;[96]
FAMILIES;[43,43,108,108,162,162]
FAMILY;[9,9,43,69,136]
FAMINE;[73]
FAR;[18,86,112,120]
FASHION;[77,77,163]
FASTER;[86]
FASTING;[5]
FAT;[46,49,89,89,135]
FATAL;[32,43,64,81]
FATE;[78]
FATTY;[126,126,126,126,126,126,126,135]
FAVOR;[145]
FAVORABLY;[122]
FAVOURABLE;[101]
FAVOURING;[7]
FEAR;[14]
FEATURE;[41,66]
FEATURES;[10,60]
FEBRILE;[149]
FEBRUARY;[43]
FECAL;[89,89,89,129,134]
FECES;[134]
FED;[2,97,97]
FEEDING;[97,126]
FEEL;[18,112]
FEELINGS;[43]
FELIX;[104]
FELL;[137]
FEMALE;[107,107]
FEMALES;[7,7,22,22,130]
FETAL;[14,14,71,117]
FETUS;[14,71]
FETUSES;[117,142]
FEV;[144]
FEVER;[149]
FEW;[1,19,63,120]
FIBERS;[100]
FIBROBLAST;[44,83,106,121]
FIBROBLASTS;[53,53,53,67,74,124,124,125,138,141,143,143,143,154,154]
FIBROCYSTIC;[136]
FIBROSIS;[1,2,2,3,4,6,7,7,8,8,8,9,10,10,11,12,12,13,14,15,15,16,17,17,19,19,19,19,19,19,19,19,19,19,19,20,21,21,22,23,23,23,24,24,26,26,26,27,28,29,29,30,30,30,31,32,32,34,34,34,37,37,38,39,40,40,41,43,43,43,44,44,45,45,47,47,49,50,50,51,51,51,52,52,53,53,53,54,55,56,57,57,58,59,61,62,63,64,64,64,65,65,65,65,66,67,67,67,68,69,69,69,69,70,70,71,71,72,73,73,74,74,75,76,77,77,77,77,78,80,80,82,83,83,84,85,88,88,89,90,91,92,93,93,94,94,95,95,95,95,96,96,96,97,97,98,98,98,98,99,99,99,99,99,100,101,102,103,103,103,103,103,104,105,108,109,109,110,111,111,112,112,112,112,112,113,115,116,116,118,119,121,121,122,122,123,125,125,125,125,126,126,127,129,130,130,130,133,133,133,133,135,135,135,135,137,138,138,139,140,141,141,143,143,143,143,144,146,146,148,150,151,153,154,154,154,155,155,157,158,159,160,160,161,163,163,163,163,163,163,164,165,166,166,166,167]
FIFTEEN;[11,144]
FILMS;[37]
FILTRATE;[48]
FILTRATION;[23,139]
FINAL;[60]
FINALLY;[165]
FINANCIAL;[43]
FIND;[101]
FINDING;[30,48,58,61,100,125]
FINDINGS;[12,19,26,37,59,62,63,64,68,74,77,91,96,98,102,125,137,147,156,160,163]
FINE;[40]
FINGER;[115]
FINGERNAILS;[28]
FINGERPRINT;[115]
FINGERPRINTING;[79]
FINGERS;[103,116]
FIRST;[3,14,22,31,31,37,65,69,96,103,104,144,145]
FITNESS;[104]
FIVE;[3,19,21,103,103,141,145,155,160]
FIXED;[77]
FLOODING;[101]
FLORA;[61,110,110]
FLOW;[20,20,24,24,24,24,24,24,66,90,144,144,144,144,144,144]
FLOWS;[24]
FLUCLOXACILLIN;[86]
FLUCTUATIONS;[8]
FLUID;[55,71,71,71,150,150]
FLUIDS;[55]
FLUOROMETRIC;[165]
FLUX;[66,109]
FOCAL;[30,59,99,139]
FOCUS;[60]
FOLD;[85]
FOLLOWED;[8,8,14,63,130]
FOLLOWING;[31,34,44,55,65,78,85,92,115,144]
FOOD;[21,34,34,153]
FOR;[1,3,3,3,3,3,3,3,4,4,4,6,6,6,6,6,13,13,14,14,14,14,18,18,18,19,20,22,22,22,22,23,24,24,24,27,28,28,30,31,31,35,37,38,39,39,42,43,43,43,43,45,49,50,51,53,54,58,58,59,63,63,63,65,65,65,65,69,69,71,72,73,73,73,73,73,73,74,76,76,77,77,77,79,79,81,81,83,83,85,85,86,86,87,87,87,89,90,90,91,92,98,98,104,104,104,104,106,109,110,112,112,112,112,116,116,117,117,118,119,119,119,120,120,120,120,122,122,122,124,126,127,127,131,131,135,135,137,138,138,139,140,141,141,141,142,143,143,143,143,144,144,144,145,145,146,148,148,148,150,150,152,153,153,154,155,158,164,165,166,166,167]
FOREIGN;[56]
FORM;[15,40,56,104,127]
FORMATION;[6,6,40,78,85,139]
FORMERLY;[90]
FORMS;[161]
FORMULAS;[97]
FORTE;[49]
FORTUITOUS;[99]
FORTUNATELY;[134]
FORTY;[75]
FOUND;[3,8,19,22,25,26,29,29,30,33,37,37,41,48,49,51,51,51,52,60,62,62,62,63,65,65,65,65,68,71,77,78,100,100,102,104,106,106,106,114,114,115,118,123,125,126,134,138,143,145,147,149,149,149,149]
FOUR;[38,95,111,138,144,161]
FOURFOLD;[18]
FOURTEEN;[108]
FRACTION;[141,141,141]
FRACTIONAL;[155]
FRACTIONS;[23,23,23,23,62,62,62,63,63,63,141,141]
FREE;[71,111,124]
FREEZE;[114]
FREQUENCIES;[47,167,167]
FREQUENCY;[42,104,104,104,104,104,113,163,167]
FREQUENT;[62,62,82,86]
FRESH;[71,122]
FRESHLY;[102,107]
FROM;[2,2,3,3,4,4,4,4,6,7,7,17,19,22,22,23,23,23,23,32,37,37,40,40,43,43,43,44,45,45,46,46,46,47,47,48,50,51,51,51,51,53,54,56,59,61,61,63,65,65,67,67,71,71,71,75,77,77,77,80,80,83,83,83,85,85,86,86,86,86,98,100,101,102,103,106,107,107,107,107,107,107,107,108,108,108,109,110,112,112,112,118,118,118,119,121,121,122,122,124,125,125,126,126,131,133,134,135,136,137,137,137,137,138,138,139,139,139,139,140,141,142,142,143,143,143,143,144,144,148,149,150,151,152,153,154,154,156,159,160,161,161,161,161,161,162,166,166,166]
FROZEN;[18]
FUCOSE;[23]
FULL;[67,73,96]
FULLNESS;[58]
FULLY;[107,115]
FUNCTION;[20,24,24,38,41,50,64,64,64,87,90,92,96,98,134,140,150,150,150,155,155,163,163,163]
FUNCTIONAL;[81,81]
FUNCTIONS;[45,125,140,140]
FUNDAMENTAL;[125]
FURNISH;[46,83]
FURTHER;[23,31,77,77,79,86,107,127,140,142]
FURTHERMORE;[31,48,97,115]
FUSIDIC;[86]
FUTURE;[14,84,133]
FVC;[144]
GAINED;[165]
GALACTOSAEMIA;[76,153]
GALACTOSYLTRANSFERASE;[51,53]
GAMMA;[62,87]
GANGRENOUS;[37,37]
GAS;[24,24,144]
GASES;[20,148]
GASTRIC;[151,151,151]
GASTROINTESTINAL;[17,41,135,139]
GASTROSTOMY;[2]
GATHERED;[65]
GAVE;[29,86,111]
GEARED;[135]
GEL;[23,59,139,139,141]
GELS;[19,141,141]
GENE;[67,104,104,104,104,104,106,117,122,142,162]
GENERAL;[14,37,60,66,67,75,81,139]
GENERALIZED;[56,60,83,95]
GENERALLY;[13,69,104,147]
GENERATIONS;[85]
GENES;[67]
GENETIC;[13,14,14,14,14,14,14,43,43,45,52,67,72,72,72,72,74,83,102,104,106,121,125,133,142,162]
GENETICALLY;[69]
GENETICISTS;[117]
GENETICS;[9,104]
GENOTYPE;[72]
GENTAMICIN;[152,161,161,161]
GENUINELY;[73]
GIBSON;[163]
GILLIES;[79]
GIVE;[46,46,79,144]
GIVEN;[43,69,76,82,97,111,145,162,165,165,165]
GIVES;[106,147]
GIVING;[111]
GLAND;[47,53,66,66,66,77,77,77,95,125,137,137,137,137,137,137,137,137,139]
GLANDS;[32,77,95,124,125,137,137]
GLOBULES;[40,40]
GLOBULIN;[62,62,62,62,63,63]
GLUCAGON;[92,92,92]
GLUCOSAMINE;[23]
GLUCOSAMINIDASE;[166]
GLUCOSE;[57,57,101]
GLUCURONIDASE;[166,166]
GLUTAMIC;[139]
GLUTATHIONE;[118]
GLUTEN;[34,34,34]
GLYCERIDES;[101]
GLYCINE;[139]
GLYCOPROTEIN;[23,23,23,53]
GLYCOPROTEINS;[23,23,55]
GLYCOSAMINOGLYCANS;[106]
GOAL;[14]
GOALS;[14]
GOITER;[163,163,163]
GOOD;[4,5,158]
GOVAN;[79]
GRADIENTS;[155]
GRAFTS;[164]
GRAM;[61,110,135,137,148,164,164]
GRANULE;[40]
GRANULES;[78]
GREAT;[5,14,37,73,134]
GREATER;[18,22,52,62,62,73,93,95,108,118,118,136,144,150,152]
GREATLY;[40]
GREEN;[131]
GROSS;[45]
GROSSLY;[24]
GROUP;[5,6,6,8,19,19,22,23,23,23,24,24,27,29,30,30,51,65,65,65,65,65,65,70,70,83,92,100,113,118,134,145,145,163,167]
GROUPS;[6,6,8,11,54,62,65,68,82,95,102,104,112,118,139,151,161,164,164,164,167]
GROWTH;[45,79,86,86,89,89,89,89,143,165]
GUT;[46,46,101,134]
GYNECOLOGIC;[15]
HABIT;[56]
HAD;[2,2,6,11,11,12,18,19,22,23,24,24,32,32,37,37,37,37,45,50,52,55,63,63,68,71,75,86,86,89,89,89,93,95,100,104,107,107,107,111,111,113,141,141,141,144,145,150,150,150,160,160,163]
HAEMOLYTIC;[37,102]
HAEMOPHILUS;[8,160]
HALF;[30,51]
HAND;[115,118]
HANDED;[115]
HANDICAPPED;[43]
HANDLING;[84]
HANDS;[103,105]
HANKS;[18]
HAPTOGLOBIN;[1]
HARBOURED;[6,8]
HARBOURING;[7]
HARM;[90,120]
HARMFUL;[90]
HARTNUP;[70,70]
HAS;[14,18,19,21,29,34,34,38,39,42,47,47,49,64,67,72,72,79,79,79,82,86,86,94,95,101,104,104,104,104,106,111,111,112,113,115,117,125,125,126,126,134,139,141,146,156,163,163,165,165]
HAVE;[1,1,6,7,8,9,14,14,18,19,19,29,30,35,39,39,50,51,52,58,62,62,63,63,64,64,67,67,67,68,69,73,77,78,81,82,84,86,87,90,91,91,95,96,98,98,101,102,104,104,104,104,104,104,105,106,108,109,111,112,114,118,118,118,122,124,126,131,133,139,140,150,154,160,160,163,163,163,163,164]
HAVING;[14,14,61,90,95]
HAZARDOUS;[50]
HEALTH;[136,165]
HEALTHY;[3,5,5,28,48,76,83,116,122,149,158]
HEART;[99,116]
HEAT;[53,80,85,114,114,114,114,164]
HEATED;[18]
HELA;[124,143]
HELEN;[131]
HELIUM;[144,144,144,144,144]
HELP;[76,111,134,153]
HELPFUL;[27,115,140,149,156]
HEMATOLOGICALLY;[68]
HEMOGLOBIN;[68,68,98,98]
HEMOLYSIS;[98]
HEMORRHAGE;[17]
HEPARIN;[108,108,108,118,121,121,121,121,121,121,146]
HEPATIC;[59,99]
HEPATOCYTES;[165]
HEPATOMEGALY;[95]
HEPATOTOXICITY;[59]
HEPTAVALENT;[82]
HERE;[83]
HEREBY;[7]
HEREDITARY;[46,46,46,46,46]
HERRICK;[110]
HETEROGENEITY;[74,83,106,106]
HETEROZYGOTE;[69,71,83,104,104,104,112]
HETEROZYGOTES;[3,3,3,45,55,55,83,83,84,85,85,102,102,104,104,106,106,106,107,108,118,121,121,122,138,140]
HETEROZYGOUS;[104,142]
HIBERNATION;[78]
HIGH;[18,24,24,24,29,54,59,71,71,73,73,73,101,103,104,104,111,130,142]
HIGHER;[6,7,7,11,47,47,48,53,65,73,102,104,104,106,107,107,107,113,139,147,159]
HIGHLY;[84,102,109]
HIM;[136]
HIMSELF;[69]
HIS;[19,43,102,105,116]
HISTIDINAEMIA;[76]
HISTOCHEMICAL;[100]
HISTOCHEMICALLY;[166]
HISTOLOC;[95]
HISTOLOGIC;[99]
HISTOLOGICAL;[34]
HISTOLOGICALLY;[32]
HISTOLOGY;[95]
HISTORIES;[97,97]
HISTORY;[11,21,21,29,60,75,96,157]
HOLLOW;[40]
HOME;[146]
HOMOGENATE;[124]
HOMOGENEOUS;[40]
HOMOZYGOTE;[71,71]
HOMOZYGOTES;[45,71,108,108,121,121,122]
HOMOZYGOUS;[18,18,18,104,140]
HOPE;[117]
HOPED;[77,77,84,108]
HORIZONTALLY;[75]
HORMONE;[163]
HORMONES;[92]
HORNY;[119]
HOSPITAL;[30,37,73,73,73,110,130,131]
HOSPITALIZED;[88,146]
HOST;[60,80,81]
HOT;[103]
HOUR;[5,31,70,150]
HOURS;[18,23,61,61,159,159,159]
HOW;[72,72,104]
HOWEVER;[23,24,39,46,52,71,71,79,100,106,107,111,111,115,117,119,121,125,125,137,139,147]
HUMAN;[18,18,18,18,18,35,44,55,72,72,72,72,85,85,104,114,117,123,124,143]
HUMORAL;[80]
HYALINE;[100]
HYDRAMNIOS;[37]
HYDROGEN;[66,66,66]
HYDROLYSATE;[101]
HYDROLYSE;[5]
HYDROLYZED;[143]
HYDROXYAPATITE;[40,40]
HYGIENE;[67]
HYPERPERMEABILITY;[147]
HYPERREACTIVITY;[56]
HYPERSECRETION;[41,95,114]
HYPERTENSION;[17,100]
HYPERTONIC;[109]
HYPERTROPHY;[47,100]
HYPOALBUMINEMIA;[97]
HYPOGONADISM;[42]
HYPOPLASTIC;[99]
HYPOPROTEINEMIA;[91,97,98,98,98,98]
HYPOTHESIS;[7,19,31,45,92,110,110,121,145,147]
HYPOTHYROIDISM;[163,163,163]
HYPOXEMIA;[148]
IDENTICAL;[6,46,98,100,144]
IDENTIFICATION;[67,108,142,143]
IDENTIFIED;[59]
IDENTIFYING;[84]
IDENTITY;[107]
IDIOPATHIC;[134]
IGA;[1,11,18,18,18,55,55,85]
IGE;[11,55]
IGG;[1,11,48,55,55,81,81,85,122,160]
IGM;[11,48,55,55,81,81]
III;[83]
ILEUM;[113]
ILEUS;[96,96,96]
ILL;[43,134,134,136,136]
ILLNESS;[88,136,136,136]
ILLNESSES;[136]
ILLUMINATION;[75]
ILLUSTRATIONS;[72]
IMMEDIATELY;[147]
IMMERSION;[105,105,116,119]
IMMIGRANTS;[39]
IMMUNE;[55]
IMMUNOCHEMICAL;[35]
IMMUNODIFFUSION;[35,102,102,158]
IMMUNOELECTROPHORESIS;[6,7,33,71]
IMMUNOELECTROPHORETIC;[33]
IMMUNOELECTROPHORETICAL;[1]
IMMUNOFLUORESCENT;[6]
IMMUNOGLOBULIN;[48,81]
IMMUNOGLOBULINS;[6,11,18,48,55,160,160]
IMMUNOLOGIC;[16]
IMMUNOLOGICAL;[104,118]
IMMUNOREACTIVE;[92]
IMMUNOSUPPRESSED;[82]
IMMUNOSUPPRESSIVE;[81]
IMPACT;[136,136,136]
IMPAIRED;[66,166]
IMPAIRMENT;[38]
IMPLICATIONS;[127]
IMPORTANCE;[42,46,60,60,63,64,165]
IMPORTANT;[46,76,89,103,148]
IMPRESSION;[8,27,115]
IMPROVED;[95,134]
IMPROVEMENT;[34,61,61,159]
IMPROVEMENTS;[67]
IMPROVING;[50]
INAA;[3,3,4,4,4]
INACTIVATED;[67]
INACTIVATOR;[122,122]
INACTIVE;[122]
INAPPROPRIATE;[147]
INBORN;[14,14,14,133]
INCIDENCE;[8,9,13,29,37,38,39,82,82]
INCIDENTAL;[95]
INCLUDE;[14,14,17,37,46,56,149,150,157]
INCLUDED;[95,111]
INCLUDING;[18,27,116,117,148]
INCLUSION;[40,78,78,78]
INCOMPLETE;[120]
INCOMPLETENESS;[56]
INCONSTANT;[121]
INCORPORATED;[23,106]
INCORPORATION;[23,75,75,75,75,106,106,106,106]
INCREASE;[14,30,30,45,62,65,68,92]
INCREASED;[4,18,18,22,27,40,45,48,60,63,63,66,71,77,86,98,98,98,98,104,104,106,106,108,118,118,119,121,124,137,159,163,164,166,167]
INCREASES;[31,47,47,119,119]
INCREASING;[14,18,18,42,71,86,93,119,139]
INCREASINGLY;[67]
INCUBATED;[131]
INCUBATION;[106,106,114,118,122,122,143]
INDEED;[60]
INDEPENDENCE;[150]
INDEX;[9,31]
INDICATE;[1,59,77,97,97]
INDICATED;[28,58,67,106,120,140]
INDICATES;[122,131,154,163]
INDICATING;[99]
INDICATION;[111]
INDICATOR;[79,131]
INDIRECT;[14]
INDIRECTLY;[112]
INDISTINGUISHABLE;[23,32,140]
INDIVIDUAL;[76,102,114,123,136]
INDIVIDUALIZED;[89]
INDIVIDUALS;[3,51,104,115,115,116,138,142]
INDUCED;[78,92,114,139,139,140,163]
INDUCIBLE;[86]
INDUCING;[85]
INDWELLING;[146]
INFANCY;[67,88,88,145,145]
INFANT;[2,70,71,71,71,91,94,98,99,99,134]
INFANTS;[5,5,37,58,88,97,97,97,98,103,103,109,148,148]
INFECTING;[160]
INFECTION;[1,1,1,6,6,6,18,57,58,62,62,62,62,62,62,81,104,111,111,111,111,111,111,111,123,133,146,160,160,160]
INFECTIONS;[16,48,48,58,61,62,62,62,79,159]
INFECTIOUS;[48,67]
INFILTRATES;[17]
INFLAMMATORY;[149]
INFLUENCE;[6,31,31,165]
INFLUENZAE;[8,8,8,8,160]
INFORMATION;[46,46,81,87,87,147,156,165]
INFUSION;[92,92,146]
INGESTION;[30,70]
INHABITED;[104]
INHALATION;[21]
INHALING;[21]
INHERITANCE;[13,162]
INHERITED;[14,67,67,84,84,117,120,120,133]
INHIBIT;[7]
INHIBITED;[26,61,71,141,141,141]
INHIBITION;[18,18,137,137,137,141]
INHIBITOR;[18,26,122,141,142]
INHIBITORY;[71,71,137,137,137,137]
INHOMOGENEOUS;[4]
INITIAL;[91,93,110,118]
INITIALLY;[14,159]
INITIATION;[75]
INJECTION;[61,126,152]
INNATE;[104]
INOCULUM;[123]
INSENSITIVE;[140,140]
INSIGHT;[72,72]
INSIGNIFICANT;[6]
INSTANCE;[15,39,91]
INSTANCES;[97,122]
INSTEAD;[120,133,133]
INSTITUTION;[95]
INSTRUMENTAL;[3,4]
INSTRUMENTS;[127,127]
INSUFFICIENCY;[5,68,96,135]
INSULIN;[92,92]
INTACT;[115,124]
INTAKE;[98,135]
INTEGRATION;[84]
INTELLECTUAL;[145,145]
INTELLIGENCE;[113]
INTENSIVE;[13]
INTENTION;[112]
INTEREST;[91,118,134]
INTERESTED;[115]
INTERESTING;[94,98,102,107]
INTERFACED;[93]
INTERMITTENT;[62,90]
INTERMITTENTLY;[7]
INTERNATIONAL;[11]
INTERNIST;[146]
INTERPRETATION;[149,165]
INTERSTITIAL;[17,17,100]
INTERVAL;[111]
INTERVALS;[86]
INTERVIEW;[127,127]
INTESTINAL;[46,46,46,59,89,95,95,157]
INTESTINE;[34]
INTESTINES;[99]
INTIMAL;[100,100,100,100]
INTO;[23,23,23,72,72,75,75,75,78,106,106,106,106,106,108,130,137,141,141]
INTOLERANCE;[5,57,57,153]
INTRACISTERNAL;[78,78]
INTRACRANIAL;[58]
INTRAFAMILIAL;[83]
INTRAMUSCULAR;[61,152]
INTRAMUSCULARLY;[159]
INTRAUTERINE;[14,14,14]
INTRAVENOUS;[126,126,146,152]
INTRICATE;[135]
INTRINSIC;[4,140,140,149,154,163]
INTRODUCED;[104]
INTRODUCTION;[117]
INTUBATION;[150]
INVALUABLE;[3]
INVERTEBRATE;[114]
INVESTIGATE;[126]
INVESTIGATED;[5,7,53,66,68,71,93,160,166]
INVESTIGATING;[67]
INVESTIGATION;[34,65,77,77,83]
INVESTIGATIONS;[70,111]
INVESTIGATIVE;[67]
INVESTIGATORS;[112]
INVOKE;[58]
INVOLVED;[118,121,140,162]
INVOLVEMENT;[17,22,30,63,64,89,95,144,144]
INVOLVES;[24,153]
INVOLVING;[135,157]
IODIDE;[163,163,163]
IODIDES;[163]
IODINE;[149]
ION;[53,91,141]
IONIC;[139]
IONS;[66,66,66,86]
IONTOPHORESIS;[147]
IRELAND;[73,73,73,73,73,73]
IRON;[68,68,68,68,98,98,98,98,98]
IRRESPECTIVE;[109]
IRREVERSIBLY;[67]
ISLAND;[130]
ISOAMYLASE;[150,150,150,150]
ISOELECTRIC;[119,119]
ISOENZYME;[59,141,150]
ISOHEMAGGLUTININS;[48]
ISOLATE;[125]
ISOLATED;[54,61,80,86,86,125,143]
ISOLATES;[61,161]
ISOLATING;[156]
ISOLATION;[43,67,138,165]
ISOVOLUME;[24]
ITS;[18,23,37,69,69,69,93,99,100,107,118,119,123,141,152,152,152,165]
ITSELF;[52,136]
JEJUNAL;[2,34,34,34]
JET;[31]
JUDGED;[62,102]
JUICE;[5,5,5]
JUNCTION;[75]
JUNCTIONAL;[47]
JUST;[18]
JUSTIFIABLY;[60]
JUSTIFIED;[83]
JUVENILE;[41]
KALLMAN;[42]
KARTAGENER;[10,10]
KERATIN;[119]
KERATINS;[119]
KIDNEY;[46]
KILL;[18]
KILLED;[164]
KILOGRAM;[93,123]
KIND;[80]
KINETICS;[124,124]
KITS;[102]
KLEBSIELLA;[148]
KNOW;[90,91,104]
KNOWLEDGE;[10,14,43,96,134]
KNOWN;[18,48,69,104,122,122,122,133,134]
KULCZYKI;[102]
KUPFFER;[165]
LABELED;[23,143]
LABELLED;[125]
LABIAL;[77,77]
LABILE;[18,114]
LABORATORIES;[19,87,138]
LABORATORY;[8,19,46,49,60]
LABORED;[56]
LACEY;[86]
LACK;[46,87,157,157]
LACKED;[150]
LACKING;[27,167]
LACTIC;[70]
LARGE;[14,65,114,139,163,166]
LARGELY;[34,154]
LARGER;[59,85,100]
LAST;[47,79,86]
LASTED;[61]
LATE;[89]
LATER;[34,50,95]
LATTER;[1,37,104,134,156]
LAUNCHED;[120]
LAVAGE;[50,50,50]
LAY;[43]
LAYERS;[119]
LEAD;[58,80,95,126]
LEADING;[17,165]
LEAGUE;[152]
LEARN;[90]
LEAST;[13,46,89,111,125,149]
LECITHIN;[126]
LED;[14]
LEE;[98]
LEFT;[99,111,115]
LESION;[17]
LESIONS;[30,99,100,100,115,149]
LESS;[20,63,71,73,73,77,85,92,118,126,152]
LETHAL;[104]
LETTER;[101,103,112]
LEUCOCYTE;[83]
LEUKOCYTE;[83,83,106,106]
LEUKOPENIA;[81]
LEVEL;[4,19,47,51,65,98,107,107,107,152]
LEVELS;[2,2,2,2,11,11,22,28,30,35,51,51,51,52,53,55,55,59,59,61,68,71,91,101,102,102,107,107,126,126,126,126,139,150,152,160,165,165,165]
LIAISON;[37]
LIBERAL;[95]
LIES;[98]
LIFE;[2,3,22,65,89,136,145]
LIGHT;[91]
LIKE;[12,17,19,104,122,122,148,163]
LIKELIHOOD;[9]
LIKELY;[18,38,97,98,107,166]
LIKEWISE;[140]
LIMIT;[82]
LIMITATIONS;[14,28]
LIMITED;[61,120]
LIMITS;[65,65]
LINCOLN;[145]
LINCOMYCIN;[86,86]
LINE;[92]
LINES;[44,45]
LINKED;[14,14,117]
LIP;[58]
LIPID;[14,126]
LIPIDS;[126]
LIPOPOLYSACCHARIDE;[82]
LIQUEFACTION;[31]
LITER;[147,147]
LITERATURE;[165]
LITTLE;[17,25,47,67,82,89,89,90,111,139,147]
LIVER;[59,59,59,63,63,98,98,99,149,149,149,149,165,165,165]
LOBE;[56]
LOCAL;[61]
LOCI;[86]
LOCK;[146]
LOCUS;[86]
LONG;[27,48,104,117,130]
LONGER;[17,90,104]
LOOKED;[43,124,135]
LOOSE;[101]
LOSE;[76,86]
LOSS;[24,24,24,86,86,89,98,134]
LOSSES;[89,98,134]
LOW;[2,2,2,5,24,24,33,37,48,48,54,55,71,104,150]
LOWER;[19,22,24,25,25,31,51,52,55,56,70,77,77,92,95,107,118,126,139,144,147,160]
LOWERED;[123]
LOWEST;[22,47,47]
LUMINAL;[66]
LUNG;[17,20,20,22,24,24,24,24,24,32,32,50,55,62,62,63,63,64,64,64,87,87,89,107,135,144,155,163,166]
LUNGS;[1,62,80,93,93,93,133,133]
LYMPHOCYTE;[55]
LYMPHOCYTES;[6,6,6,48,48,108,138]
LYMPHOID;[16,45]
LYSIS;[7]
MACLEAN;[91]
MACROCONSTITUTIVE;[86]
MACROPHAGE;[18,18]
MACROPHAGES;[18,18,18,18,166,166]
MACROSCOPIC;[47]
MACROSCOPICALLY;[47]
MADE;[10,34,43,43,43,55,60,111,121,136,147,150]
MAGOS;[137]
MAIN;[8,17,46,63,64,133]
MAINLY;[8,8,8,70]
MAINTAINED;[23,65,104]
MAJOR;[19,43,71,100,100,152]
MAJORITY;[102]
MAKE;[127]
MAKES;[3]
MAKING;[119]
MALABSORPTION;[5,5,63,101,129,129,157]
MALARIA;[104]
MALE;[98,107,107]
MALES;[7,7,22,22,130]
MALFORMATION;[99]
MALFORMATIONS;[14,117,117,117]
MALIGNANCY;[80]
MALNOURISHED;[2,145]
MALNUTRITION;[2,101,103,113,116,145,145,148]
MAMMALS;[46]
MAN;[46,46,50,113]
MANAGE;[134]
MANAGEMENT;[37,111,120,134,146,148]
MANCINI;[48]
MANEUVERS;[27,27]
MANIFEST;[42,60,164]
MANIFESTATIONS;[69,83,96,141]
MANNER;[26,147]
MANUFACTURER;[102]
MANY;[1,1,8,23,24,30,37,43,67,76,88,89,104,120,134,146,147,156]
MARASMUS;[109]
MARGINAL;[55]
MARINE;[114]
MARKED;[33,56,103,116,126,148]
MARKEDLY;[45,48,150]
MARKER;[6,143]
MARKERS;[6]
MARROW;[6,68,98,98]
MASK;[21]
MASS;[16,95,120,120]
MASSES;[149]
MASSIVE;[89,112,112]
MATCHED;[1,11,52,118,141]
MATERIAL;[100,100,100,100,106,106,106,106,106,131,158,166]
MATERNAL;[14,37,85]
MATERNITY;[131]
MATERNO;[71]
MATTER;[101]
MATURATION;[22,136]
MATURITY;[145]
MAVROU;[105]
MAXIM;[60]
MAXIMAL;[144]
MAXIMUM;[1,20,24,24,70,70,74,90]
MAY;[8,14,16,18,25,34,34,34,39,46,46,47,50,52,55,60,60,66,77,77,79,79,82,83,88,97,103,110,110,111,115,121,124,125,125,126,126,126,126,129,134,134,134,135,135,138,139,141,150,150,151,152,162]
MEALS;[21]
MEAN;[8,11,22,22,22,48,53,56,61,61,68,85,106,107,107,118,137,144,144,145,148,148]
MEANINGFUL;[84]
MEANS;[1,6,7,7,33,62,63,71,111,120,127,151,158]
MEASURABLE;[5,33]
MEASURE;[28,77,125,143]
MEASURED;[2,22,24,26,30,49,54,87,102,115,147,152]
MEASUREMENT;[20,81]
MEASUREMENTS;[54,81,108,140,147]
MEASURING;[77]
MECHANISM;[46,52,125,162,165,165]
MECHANISMS;[46,46,134]
MECONIA;[71]
MECONIUM;[33,33,33,35,35,37,38,38,71,71,71,71,71,71,96,96,96,99,158]
MEDIA;[29,29,44,44,44,58,100,100,100]
MEDIAL;[100]
MEDICAL;[30,43,43,153]
MEDICATION;[15,150]
MEDICINE;[87]
MEDICOGENETIC;[162]
MEDIUM;[23,101,106,106,108,121]
MEFV;[144,144,144]
MELLITUS;[69,136,153]
MEMBER;[153]
MEMBERS;[43,43,162]
MEMBRANE;[44,52,52,52,66,126,135,140,140]
MEMBRANES;[54]
MEN;[107,107,107,107,107]
MENTAL;[113]
MENTION;[19]
MENTIONED;[121]
MEQ;[65,65,147,147]
MERRILL;[145]
METABOLIC;[67,67,69,76,117,120,120,126,126]
METABOLISED;[70]
METABOLISM;[14,14,14,14,14,14,14,72,165]
METACHROMASIA;[67,74,74,83,83,83,83,108,121]
METAL;[53]
METAPLASIA;[41,41]
METHIONINE;[143]
METHOD;[2,3,3,4,4,22,28,31,35,48,65,79,79,79,83,87,87,87,112,122,146,150,158,158]
METHODOLOGY;[72,165]
METHODS;[14,14,33,38,38,50,108,120,131,138]
METHOXYPHENYL;[70,70]
METHYL;[143,143]
METHYLATED;[143,143]
METHYLATION;[138,138,143,143,143,143]
MIC;[152]
MICE;[123]
MICROCONSTITUTIVE;[86,86]
MICROELECTRODES;[66]
MICROG;[61,61,61,61,152,152,152,152]
MICROM;[54,54]
MICROORGANISM;[80]
MICROORGANISMS;[148]
MICROSCOPY;[40,151,151]
MICROSOMAL;[53]
MID;[117]
MIDDLE;[29,56]
MIDLANDS;[39]
MIGHT;[7,60,79,83,91,104,107,109,116,126,140,147,163]
MILD;[24,68,75,102,102]
MILDLY;[102]
MILK;[2,5,34,97,97]
MILLIGRAMMES;[123]
MILLILITERS;[137]
MIN;[87,152]
MINIMAL;[75,99,119,144]
MINIMIZE;[75]
MINIMIZING;[43]
MINOR;[8,77,77,77,77,77,77,77]
MINUS;[137,137,137,137,137,137,137,137,137,137,137,145]
MINUTE;[143]
MINUTES;[103,103,103,105,109,116,147]
MISCELLANEOUS;[8,8,14]
MISDIAGNOSED;[97]
MISLEADING;[79,150]
MISSED;[38]
MISSING;[141,141,141]
MIST;[25,25,25,31,31,31,90,90]
MISTS;[90]
MISUNDERSTOOD;[105]
MIXED;[2,19,137,137]
MIXTURE;[144,144]
MMEF;[144]
MOBILIZED;[165]
MODE;[102]
MODEL;[67]
MODERATE;[41,75,119,147]
MODERATELY;[55]
MODIFICATION;[22,24]
MODIFICATIONS;[8]
MODIFIED;[24,137,137]
MODULATING;[11]
MOLAR;[139]
MOLECULAR;[122,139]
MOLECULE;[112,142]
MOLECULES;[112,114]
MONGOLOID;[39]
MONITORED;[90,93]
MONOESTER;[139]
MONOGRAPH;[60]
MONOMERIC;[162]
MONOVALENT;[140,140]
MONTH;[50,65,65,65,159]
MONTHLY;[7,8]
MONTHS;[2,30,48,86,86,93,97,155,160]
MORBIDITY;[67]
MORE;[1,4,8,18,18,24,35,43,43,62,62,77,77,83,89,90,95,97,98,102,115,119,120,120,136,139,144,147,151,153]
MOREOVER;[118]
MORNING;[31,31]
MORPHOLOGIC;[23]
MORPHOLOGICAL;[72,78]
MORTALITY;[67,82,148]
MOST;[8,10,14,27,33,46,47,55,56,58,58,58,59,64,88,88,89,98,107,112,117,134,149,149,152]
MOSTLY;[2,37]
MOTHER;[37,71]
MOTHERS;[43,107]
MOTIONS;[101]
MOTOR;[145,145]
MOUSE;[143]
MUCH;[63,83,90,104,134,147]
MUCIN;[41,41,53]
MUCINOUS;[41]
MUCOID;[7,7,7,7,7,7,7,7,7,7,8,47,161,161,161,161,161]
MUCOPOLYSACCHARIDE;[14,45,45,45,100,108,121,166]
MUCOPOLYSACCHARIDES;[121,121,121,166]
MUCOPOLYSACCHARIDOSES;[45,72,121]
MUCOPURULENT;[47]
MUCOSA;[41,77,77]
MUCOSAL;[151]
MUCOSUBSTANCES;[166]
MUCOUS;[23,47,95,95]
MUCOVISCIDOSIS;[56,162,162,162,162,162]
MUCUS;[41,47,114,133,151,151,151,166]
MULTIPLE;[6]
MULTIVALENT;[164]
MUSCLE;[30,30,30,30,30]
MUSCULAR;[30,30,30,100]
MUST;[17,56,76,104,117,120,135,136]
MUTANT;[72]
MUTATION;[86,104]
MUTATIONS;[117]
NAIL;[3,3,3,4,4,4,4,4,4,4]
NAILS;[4,4,4,4]
NARROW;[141]
NARROWING;[56,60,60]
NASAL;[11,23,29,58,58,58]
NATIONAL;[60]
NATIONALLY;[120]
NATURAL;[89,153]
NATURE;[40,46,76,126,163]
NAUSEA;[61,101]
NEAR;[24,84]
NEARLY;[6]
NEBULIZATION;[31]
NEBULIZER;[31,93]
NECESSARILY;[76]
NECESSARY;[61,76]
NECESSITATES;[142]
NECROPSY;[32,91]
NEED;[89,148,164]
NEEDED;[81,135]
NEEDLE;[146]
NEEDS;[105,136,136]
NEGATIVE;[61,94,110,122,135,148,164,164]
NEGATIVES;[111]
NEGLECTS;[19]
NEGROID;[39]
NEIGHBOR;[134]
NEITHER;[29,32,49]
NEONATAL;[3,37,113]
NERVE;[115,115]
NET;[124]
NETWORK;[40]
NEURAL;[117]
NEURAMINIC;[23]
NEUROLOGIC;[16]
NEUTRALIZED;[85]
NEUTRON;[3,4]
NEVER;[6,112]
NEVERTHELESS;[84,112,118]
NEW;[8,8,14,30,61,77,120,130,134,151]
NEWBORN;[22,22,71,71,105]
NEWBORNS;[3,3,3,13,65,71,158,158]
NEWLY;[7]
NEXT;[111]
NIGHT;[31]
NIGHTS;[31]
NINE;[49,108,144]
NINETEENTH;[73]
NINETY;[61]
NITROBLUE;[111]
NITROGEN;[89,89]
NON;[7,7,7,39,68,104]
NONALLERGIC;[11,11]
NONE;[84,144]
NONEXISTENT;[75]
NONINVASIVE;[144]
NONINVASIVENESS;[150]
NONLIPOPOLYSACCHARIDE;[81]
NONMUCINOUS;[41]
NONMUCOID;[161,161,161,161]
NONSPECIFICITY;[149]
NOR;[29,103,124]
NORMAL;[2,2,2,2,3,11,18,18,18,18,19,19,24,24,30,32,33,33,35,37,44,44,45,46,48,51,51,51,52,55,55,55,55,55,55,59,65,65,65,65,65,65,65,70,70,71,71,71,77,78,83,91,94,96,96,98,98,102,104,106,108,108,109,113,115,119,121,122,122,122,122,124,124,124,125,126,126,134,137,137,138,138,139,139,139,140,140,140,140,140,140,140,143,143,143,143,144,144,144,149,150,150,150,150,151,151,154,154,154,160,160]
NORMALITY;[105,105,149]
NORMALLY;[2,125,133]
NORMALS;[45,105,105,106,106,121]
NORMAN;[116]
NORTH;[38]
NOSE;[29,58]
NOSOCOMIAL;[79]
NOT;[3,5,14,17,18,18,19,19,21,22,24,25,26,31,31,33,47,47,48,50,53,58,59,60,61,62,63,67,67,68,68,68,72,73,73,73,76,78,79,80,84,86,88,89,89,95,98,100,100,103,103,103,104,104,105,107,107,107,107,108,110,111,111,111,111,112,116,116,120,121,121,124,125,126,129,137,139,139,139,140,141,141,143,145,147,149,149,151,151,161,163]
NOTABLY;[1,1]
NOTE;[18,105]
NOTED;[85,100,103,121,131]
NOTHING;[47]
NOW;[14,69,88,90,104,110,117,118]
NUCLEAR;[87]
NUCLEATION;[40]
NUCLEIC;[138,138]
NUCLEOSIDE;[143]
NUCLEOTIDE;[53,53]
NUMBER;[1,1,1,6,6,6,7,7,7,14,14,14,14,14,14,49,49,55,64,67,73,73,88,95,123,124,124,130,139,147]
NUMBERS;[6,40,41,83,86,139,154]
NUMERICAL;[87,87]
NUMEROUS;[41]
NURSE;[127]
NURSERIES;[110]
NUTRIENT;[46,89]
NUTRIENTS;[153]
NUTRITION;[89,89,89,109,133]
NUTRITIONAL;[30,89,97,98,103]
NUTRITIONALLY;[153]
NUTRIZYM;[49,49]
OATMEAL;[34]
OBESITY;[153]
OBJECTIVE;[27,77]
OBLIGATE;[69,85,102,102,106,118,138,140]
OBLIGATORY;[121]
OBSCURE;[138,165]
OBSERVATION;[101,103,103]
OBSERVATIONS;[18,22,45,55,121,151,162]
OBSERVE;[124]
OBSERVED;[15,19,22,52,52,61,68,70,70,75,78,85,85,85,86,102,102,104,107,109,115,116,121,124,124,124,126,126,137,143,145,158,159,163,166,167]
OBSTETRICIANS;[117]
OBSTRUCTION;[11,17,24,24,58,95,139]
OBSTRUCTIVE;[32,139]
OBTAIN;[87,125]
OBTAINED;[8,33,33,51,70,84,91,102,107,112,138,138,144,155,156]
OBTAINING;[43]
OBVIOUS;[77,90,111]
OCCASIONALLY;[46,97]
OCCASIONS;[46,61]
OCCUR;[58,88,103,129]
OCCURRED;[9,61,86,159]
OCCURRENCE;[6,7,7,7,7,69,69,88,96]
OCCURRING;[9,78,88,125]
OCCURS;[98,103,129,139,163]
ODONTOGENESIS;[75]
OFFER;[98,112]
OFFERS;[146]
OFTEN;[24,37,46,56,58,64,72,82,98,101,103,163]
OIL;[126]
OLD;[4,12,18,48,91,99]
OLDER;[48,58,89,145,165]
OMISSIONS;[152]
ONE;[1,2,3,6,7,7,8,8,13,15,41,43,47,50,56,66,69,70,72,74,76,80,87,94,100,103,103,104,118,120,121,125,133,134,135,141,141,141,159]
ONLY;[19,58,69,71,73,78,84,87,102,111,116,117,135,150,152,161]
ONSET;[111,148]
ONWARD;[43]
OPEN;[127]
OPERATION;[95,95]
OPPORTUNITY;[43]
OPPOSITE;[18]
OPSONINS;[81]
OPSONIZING;[7]
OPTIMAL;[89,89]
OPTIMUM;[53]
ORAL;[15,15,19,19]
ORALLY;[30]
ORBITAL;[58]
ORDER;[56,104,121,125]
ORDINATION;[83]
ORGAN;[17,23]
ORGANELLES;[165]
ORGANISATIONS;[43]
ORGANISM;[61,110,160,160]
ORGANISMS;[110,110,123,135,161]
ORIENTAL;[69]
ORIGIN;[32,39,67,88,99,149,150,163]
ORIGINS;[39]
ORION;[65,65]
OSCILLATORY;[47]
OSERETSKY;[145]
OSMOTIC;[115]
OTHER;[6,8,8,12,14,17,19,33,38,43,46,47,56,62,62,63,81,81,83,100,100,101,104,107,108,110,110,110,111,116,118,120,135,141,143,162,166]
OTHERWISE;[24,111,111,149]
OTITIS;[29,29,58]
OUABAIN;[124,124,124,124,125,125,140,140,140,140,140]
OUR;[14,18,18,18,19,19,48,71,72,88,91,96,101,107,110,111,112,115,116,122,141,146,147]
OUT;[2,4,8,28,29,37,43,61,80,106,107,111,112,131]
OUTCOME;[43,64]
OUTLINED;[4,83]
OUTWEIGH;[120]
OVER;[2,22,27,30,38,42,47,47,47,47,49,51,58,77,77,79,86,106]
OVERLAP;[3,107,108,121]
OVERLOADED;[121]
OVERT;[59]
OWING;[48]
OWN;[123]
OXIDATION;[123]
OXYGEN;[20,135,144,144]
PAEDIATRIC;[153]
PAEDIATRICIAN;[37]
PAEDIATRICIANS;[117]
PAIN;[58,58,95,149]
PAKISTANI;[39]
PALADE;[78]
PALATE;[58]
PALMAR;[119]
PALMER;[145]
PANCREAS;[32,41,77,77,96,96,99,100,101,163]
PANCREATIC;[2,5,5,17,21,21,38,49,68,68,68,89,89,89,89,92,92,95,96,96,96,97,129,135,150,150,150,150,150,150,150,150,150]
PANCREATICOGRAPHIC;[156]
PANCREATITIS;[156]
PANCREX;[49]
PANETH;[41,41,41,41,41,41]
PAO;[148]
PAPER;[62,63,63,64,70,78,154]
PARADOX;[84]
PARALLEL;[81,83]
PARALLELED;[22]
PARAMETERS;[83]
PARENT;[69,127,127,134]
PARENTAL;[162]
PARENTERAL;[82]
PARENTS;[14,21,21,43,43,43,74,74,83,102,103,106,108,133,145,153]
PAROTID;[137,137,137]
PART;[27,37,77,139]
PARTIAL;[34,108,121]
PARTIALLY;[126,166]
PARTICIPATED;[98]
PARTICULAR;[104,120]
PARTICULARLY;[25,43,43,48,67,88,135,153]
PARTLY;[49]
PARTS;[104]
PASS;[37]
PASSAGES;[133]
PASSIVE;[125]
PAST;[14,14,21,42,73,104]
PATERNAL;[85]
PATHOGEN;[110,160]
PATHOGENESIS;[17,52,112]
PATHOGENIC;[61,135]
PATHOGENS;[61,152,160]
PATHOLOGIC;[134,156]
PATHOLOGICAL;[13,30,32]
PATHOLOGY;[149]
PATHOPHYSIOLOGIC;[122,147]
PATHWAYS;[81]
PATIENT;[10,12,12,12,34,43,43,50,62,63,69,86,86,90,93,109,111,134,135,135,136,150]
PATIENTS;[1,1,1,1,3,3,4,4,4,5,6,6,6,6,6,7,7,7,7,7,7,7,7,7,8,8,8,8,11,11,11,11,11,13,15,18,19,19,19,19,19,19,19,19,19,19,21,22,23,23,23,23,23,24,24,24,24,24,24,24,24,26,26,26,27,30,30,30,30,30,31,31,31,31,40,42,43,43,47,49,51,51,51,52,53,55,55,55,55,55,55,55,55,55,59,59,59,61,61,62,62,62,62,62,62,62,62,62,62,62,63,63,63,63,63,63,63,63,64,65,65,67,68,72,74,77,80,80,80,82,82,82,83,84,85,88,88,88,88,88,89,89,89,89,90,92,93,95,96,98,100,100,100,100,100,100,102,102,102,102,102,104,106,106,107,107,107,107,108,110,111,113,118,118,118,118,118,118,118,119,119,123,124,125,125,130,130,134,137,137,139,139,139,139,140,140,140,141,141,141,141,141,141,143,143,144,144,144,144,144,144,144,144,144,144,146,147,147,148,149,149,150,150,150,150,151,154,155,156,159,159,159,159,159,160,160,160,161,163,163,163,163,163,163,164,164,164,164,164,166,166,167]
PATS;[155]
PATTERN;[8,12,40,45,106,134]
PATTERNS;[63,63,143,150,150]
PEAK;[152]
PECULIAR;[95]
PEDIATRIC;[27,127]
PEDIATRICIAN;[146]
PEDIGREES;[85]
PENICILLINASE;[86,86]
PEOPLES;[104]
PEPTIDES;[5]
PER;[5,6,7,8,8,8,8,8,8,8,8,8,8,8,8,8,8,8,8,8,8,23,24,55,61,71,88,88,93,93,93,123,130,143]
PERCENT;[61,61,61,163,163]
PERCENTAGE;[88,137,137,137]
PERFORM;[34,79,87]
PERFORMANCE;[145]
PERFORMED;[91,162]
PERFUSED;[137,137,137]
PERFUSION;[87,137,155,155,155,155]
PERHAPS;[18,95,110,110]
PERIOD;[3,7,8,8,13,22,23,30,38,75,77,91,131,148]
PERIODS;[27,75,165]
PERIPHERAL;[6,11,55,91,98,115,115]
PERITONITIS;[37]
PERMIT;[77,108]
PERPLEXING;[134]
PERSISTENTLY;[34]
PERSON;[4]
PERSONS;[1,65,65]
PHA;[48,55]
PHAGOCYTIC;[18,18]
PHAGOCYTIZE;[18]
PHAGOCYTOSIS;[18,18,18]
PHASE;[1,1]
PHENOMENON;[74,83,115,167]
PHENOTYPES;[72]
PHENOTYPIC;[71,83]
PHENOTYPING;[71]
PHENYLKETONURIA;[69,76,120,153]
PHOSPHATASE;[59,139,166]
PHOSPHATE;[40,40,124,139,139,139]
PHOSPHORUS;[139]
PHOTOGRAPHED;[75]
PHOTOMETRY;[115]
PHYSICAL;[11,27,27,43,60,96,109]
PHYSICIAN;[58,134]
PHYSIOLOGIC;[50]
PHYSIOLOGICAL;[122]
PICTORIAL;[87]
PIF;[144,144,144,144]
PIGMENT;[30]
PILOT;[120,120]
PINOCYTOSIS;[121]
PITFALLS;[149]
PITOT;[125]
PIZZ;[71,71,71]
PLACE;[65,84]
PLACEBO;[30,30]
PLAIN;[37]
PLAN;[58]
PLASMA;[19,19,19,26,26,26,30,33,70,70,70,92,92,108,140,141,141,141,141,141,141,141,141,165,165,165,165]
PLASMID;[86,86,86,86,86,86]
PLASTIC;[146]
PLATEAU;[47,47]
PLAY;[135,139]
PLAYS;[162]
PLETHORA;[84]
PLETHYSMOGRAPHIC;[22]
PLETHYSMOGRAPHY;[20]
PLOT;[47,47]
PLUMP;[103]
PLUS;[137,137,137,137,137,137,137,137,137,137,137,145]
PNEUMONIA;[88]
PNEUMONIAE;[8,8,8,148]
PNEUMONITIS;[17]
PNEUMOPERITONEUM;[37]
PNEUMOTHORAX;[17]
POINT;[8,13,119,119,144,144]
POINTED;[37]
POINTS;[28,40,60,163]
POLYACRYLAMIDE;[19,59,139,141,141]
POLYMER;[101]
POLYMORPHISM;[104,104]
POLYP;[15,15,23,23]
POLYPECTOMY;[29]
POLYPOID;[15]
POLYPS;[29,41,41]
POLYVALENT;[7]
POOL;[134]
POOPERS;[134]
POOR;[30,48,70]
POORLY;[93]
POPULATION;[38,76,104,108,113,120,130,145,154,162]
POPULATIONS;[104,120]
POSITIVE;[11,21,33,34,74,74,93,111,111,122,122]
POSITIVELY;[6]
POSITIVES;[111]
POSSIBILITY;[3,71,98,104,112,163]
POSSIBLE;[12,12,30,66,67,67,74,83,93,104,104,107,109,111,117,121,124,126,135,159]
POSSIBLY;[80,98,126]
POSTURAL;[27]
POTASSIUM;[66]
POTATO;[73]
POTENT;[146]
POTENTIAL;[14,75]
POTENTIALLY;[149,152]
POTENTIATED;[81]
PRACTICAL;[43,69]
PRACTICES;[134]
PRACTITIONER;[127,134]
PREALBUMIN;[55]
PRECEDING;[57]
PRECIPITABLE;[106,139]
PRECIPITATES;[21,40]
PRECIPITATING;[55,55,95]
PRECIPITATION;[35,139,139,139,139,139]
PRECIPITINS;[1,1,1,1,1,1,6,6,6,7,7,7,7,7,160,160]
PRECISE;[3,4,4,87]
PRECISION;[4,158]
PREDECESSOR;[58]
PREDICTED;[149]
PREDISPOSE;[34]
PREDOMINANCE;[48,48,148]
PREDOMINANT;[110,160]
PREDOMINANTLY;[104,155]
PREDOMINATING;[7,7,8,8,148]
PREFERABLY;[135]
PREFERENCE;[49,49]
PREGNANCIES;[14]
PREINCUBATION;[85]
PRELIMINARY;[106,115,164]
PREMATURE;[2,37,110]
PREMATURELY;[120]
PRENATAL;[14,14,14,14,14,14,14,112]
PREPARATION;[21,158]
PREPARATIONS;[52,52,101,112]
PREPARATIVE;[139]
PREPARED;[153]
PRESBYTERIAN;[30]
PRESECRETED;[151]
PRESENCE;[6,6,14,18,31,38,48,54,98,99,100,100,131,139,141,163]
PRESENT;[14,16,19,28,37,37,39,39,40,47,55,59,59,63,67,69,77,80,89,95,97,100,103,103,110,117,120,120,125,131,139,145,146,149,160,162,163,163]
PRESENTATION;[37]
PRESENTED;[6,7,9,66,99,143,165,165]
PRESENTING;[37,88,95]
PRESENTS;[76]
PRESSURE;[24,24,24,24]
PRESUMABLY;[30,89,106]
PRESUMPTIVE;[122]
PREVALENCE;[7,8,8,8,11]
PREVALENT;[160]
PREVENT;[135]
PREVENTED;[21]
PREVENTING;[135]
PREVENTION;[8,8,117,133]
PREVIOUS;[52,105,108]
PREVIOUSLY;[18,86,90,94,122,139,140,167]
PRIDE;[84]
PRIMARILY;[93,139]
PRIMARY;[67,84,122,156]
PRINCIPAL;[52,81]
PRINCIPLE;[72]
PRIOR;[14,105,151]
PROBABLY;[43,46,58,63,86,86,104,104,116,121,121,147]
PROBLEM;[29,98,104,133,146]
PROBLEMS;[8,8,8,8,29,37,43,43,43,43,76,76]
PROCEDURE;[38,77,77,83,83,108,108,156]
PROCEDURES;[28,38]
PROCEEDS;[154]
PROCESS;[67,92,156]
PROCESSES;[46,48,121,134,139]
PRODUCE;[61,142]
PRODUCED;[6,27,50,91,122,126,137,147,166]
PRODUCT;[49]
PRODUCTION;[86,86,114,126,140]
PRODUCTS;[49]
PROFESSIONAL;[43]
PROFESSOR;[103,103,115,116]
PROGNOSIS;[43,89,95,148]
PROGNOSTIC;[89]
PROGRAMMES;[76,120]
PROGRESS;[77,112,120]
PROGRESSED;[62]
PROGRESSIVE;[16,24]
PROJECTS;[76]
PROLIFERATION;[100,100,100]
PROLONGED;[88]
PROMINENT;[59]
PROMISE;[79]
PROMISING;[112]
PROMPT;[92]
PROMPTED;[94,101,126]
PRONASE;[85,114]
PROPER;[95,156]
PROPERTIES;[52,53,53,67,122]
PROPERTY;[85,154]
PROPORTION;[68]
PROPORTIONALLY;[71]
PROPOSE;[65]
PROPOSED;[66,121,122]
PROSPECTS;[43]
PROSTAGLANDINS;[126]
PROSTHETIC;[139]
PROTECTIVE;[1,81]
PROTEIN;[5,34,34,55,62,62,63,63,63,63,63,63,71,71,81,98,98,98,101,101,104,119,139,139,165]
PROTEINS;[1,1,1,1,33,62,63,63,63,165,165]
PROTEOLYTIC;[5,5,5,150]
PROTEUS;[85,104,104]
PROTONS;[66]
PROVE;[14,143,147]
PROVED;[90,91,156,156]
PROVIDE;[14,60,67,109,116,153]
PROVIDED;[104,112]
PROVIDES;[87]
PROVISION;[43,43]
PROWAZEKI;[104,104]
PROXIMAL;[46]
PROXIMITY;[75]
PSEUDOMONAS;[1,1,1,7,8,18,18,61,61,62,62,62,62,62,79,80,81,81,81,81,82,82,82,123,123,123,135,148,152,159,160,161]
PSYCHOLOGICAL;[76]
PSYCHOSOCIAL;[127,127]
PUBLICATIONS;[64]
PUBLISHED;[63,98]
PULMONALE;[100]
PULMONARY;[15,16,17,17,18,22,24,27,27,27,48,50,50,57,57,61,63,64,64,89,90,93,93,95,96,100,100,100,100,100,144,155,155,155,159,166]
PULP;[115]
PURIFIED;[23,23,108,122,139]
PURIFY;[112]
PURPOSE;[72,162]
PURPOSES;[60,65]
PURULENCE;[31]
PURULENT;[47]
PWM;[55]
PYOCIN;[79,79,79]
PYRIDINIUM;[106]
PYRUVIC;[70]
QUADRANT;[95]
QUALITATIVE;[52,85,141]
QUALITATIVELY;[143,143]
QUANTATITIVE;[118]
QUANTITATE;[83]
QUANTITATED;[158]
QUANTITATIVE;[33,33,77,141,151,155]
QUANTITATIVELY;[24,143,143]
QUANTITIES;[139]
QUANTITY;[137]
QUESTION;[121]
QUESTIONED;[110]
QUESTIONNAIRE;[127]
QUISSELL;[125]
QUITE;[69,101,102,146,156]
RABBIT;[18,18,18,18]
RACES;[39]
RACIAL;[39]
RADIAL;[35,102,158]
RADICAL;[91]
RADIOGRAPH;[155]
RADIOGRAPHIC;[58]
RADIOGRAPHICAL;[1]
RADIOGRAPHS;[155]
RADIOLOGICAL;[63,63,63,64]
RADIOLOGICALLY;[62]
RAISED;[91,121,160,163]
RAISES;[76]
RANDOMLY;[31,116]
RANGE;[47,71,94,105,141,152]
RANGES;[5,28,147]
RANGING;[22]
RANKED;[152]
RAO;[19,26,26]
RAPID;[14,14,83,87,131,165]
RAPIDLY;[22,70,85]
RARE;[12,17,46,62,62,69,88,96,134]
RARELY;[61,134]
RARITY;[39]
RAT;[137,137]
RATE;[7,8,8,8,8,38,47,66,73,86,86,137,147,147,147,147,147]
RATES;[47,47,47,73,73,73,73,73,144,147,147]
RATHER;[18,58,98,110,119,125,153]
RATIO;[6,20,23,62,63,137,143,144,155]
RATIONAL;[67]
RATIONALE;[90]
RATIONALISE;[118]
RATIOS;[144,144,155,155]
RAY;[111]
RAYS;[37]
RBC;[140,140,140,140,140,140,140,140]
REABSORPTION;[66,137,137,137]
REACH;[2]
REACTION;[104]
REACTIONS;[82]
REACTIVE;[100]
REACTIVITY;[104,109]
READILY;[97]
READING;[65]
REAL;[161]
REALLY;[56,76,147]
REASON;[8,119]
REASONS;[72,138]
REBREATHING;[87]
RECEIVED;[14,30,68,89,159,159]
RECEIVING;[19,19,30,68,68,91,91,163,163]
RECENT;[39,88,90,94,101,147]
RECENTLY;[14,19,19,34,91,121,165]
RECEPTOR;[6]
RECESSIVE;[13,14,14,39,69,102,124,162]
RECESSIVELY;[117]
RECOGNITION;[57,58,95,120]
RECOGNIZABLE;[72]
RECOGNIZED;[39,72]
RECOIL;[24,24,24,24]
RECOLONIZATION;[8,8]
RECOMMENDED;[159]
RECORD;[103]
RECORDED;[74,75]
RECORDS;[39,163]
RECOVERED;[50]
RECOVERY;[2,88,98,115]
RECTUM;[41]
RECURRED;[15]
RECURRENCES;[21]
RECURRING;[56,104]
RED;[6,44,118,118]
REDEFINING;[105]
REDUCED;[18,18,55,66,66,126,126,126,141]
REDUCTASE;[118]
REDUCTION;[23,24,24,126]
REFERRED;[71]
REFINE;[77,77]
REFLECT;[8,55,118,126]
REFLECTED;[121]
REFLECTS;[8]
REFUTE;[69,147]
REGARD;[149,152,160]
REGARDED;[69,71]
REGARDING;[15,46,81,112]
REGARDS;[8,8,8,8,53,62]
REGION;[47,47]
REGIONAL;[87,87,87,93,93,155,155,155,155,155]
REGIONS;[45,93,104]
REGULAR;[40,43]
REGULARLY;[48]
REINFECTION;[135]
REINFORCES;[60]
REINSTITUTION;[15]
RELATED;[46,55,59,75,75,93,105,112,115]
RELATES;[146]
RELATING;[37]
RELATION;[31,31,43,66,74,83,89,89,142,159]
RELATIONS;[162]
RELATIONSHIP;[12,91]
RELATIONSHIPS;[24,79]
RELATIVE;[23,24,45,69,77,79,81,98,155]
RELATIVELY;[52,89]
RELEASED;[165]
RELEVANCE;[121]
RELEVANT;[43,125]
RELIABILITY;[83,112]
RELIABLE;[14,33,109,112,116,148]
RELIABLY;[105]
REMAIN;[117]
REMAINDER;[30,150]
REMAINED;[111]
REMAINING;[111]
REMAINS;[27,37,39,98,163,165]
REMARKABLE;[152]
REMOVED;[95]
REMOVES;[139]
RENAL;[46,116]
REPEATED;[94]
REPEATING;[103]
REPLACE;[83]
REPLACEMENT;[49,135]
REPORT;[10,42,94,94,96,96,98,121,130,146]
REPORTED;[12,29,34,35,42,43,91,94,102,106,107,118,121,125,126,126,138,140,163]
REPORTING;[137]
REPORTS;[3,12,39,52,97,97,101,113,140,141]
REPRESENT;[52,73]
REPRESENTATIVE;[75]
REPRESENTING;[93]
REPRESENTS;[10]
REPRODUCED;[19]
REPRODUCTIVE;[104]
REPUBLIC;[73,73]
REQUIRE;[135,152,153]
REQUIRED;[18,49,74,79,79,147]
REQUIREMENT;[53,126]
REQUIRES;[135]
REQUIRING;[150]
RESEARCH;[76,84,112,112,127,133]
RESECTION;[113]
RESEMBLE;[16,17,47]
RESEMBLING;[30,56]
RESERVED;[50]
RESIDE;[130]
RESIDES;[45,125]
RESIDUAL;[20]
RESIDUES;[139]
RESISTANCE;[22,22,86,86,86,86,86,86,104,164]
RESISTANCES;[24]
RESISTANT;[61,61,61,110,141]
RESOLUTION;[15]
RESOLVED;[57,141,141]
RESOURCES;[136]
RESPECT;[90]
RESPECTIVELY;[62,114,161]
RESPECTS;[23]
RESPIRATORY;[1,1,1,6,6,7,7,8,11,11,11,15,17,25,25,31,37,56,80,99,103,110,118,133,135,148,148,159,160,160,160,160,160]
RESPOND;[18,112]
RESPONDED;[21]
RESPONDS;[118]
RESPONSE;[53,70,80,80,92,103,160,164]
RESPONSIBLE;[59,85,119,122,139,142]
RESPONSIVENESS;[60]
REST;[65,67]
RESTRICTED;[141]
RESTRICTION;[34,89,153]
RESULT;[4,30,84,92,101,107,126]
RESULTED;[19,89]
RESULTING;[56,124]
RESULTS;[1,7,8,18,24,31,33,37,60,64,66,77,79,79,81,83,98,101,106,112,116,118,124,138,145,145,164,165]
RETAINED;[23,85]
RETARD;[50]
RETARDATION;[113]
RETENTION;[93,121]
RETICULUM;[78]
RETINOL;[165,165,165,165,165]
RETINYL;[165]
RETROGRADE;[137]
RETROSPECTIVE;[97,163]
RETROSPECTIVELY;[149]
RETURNED;[30]
RETURNS;[73,115]
REVEALED;[80,82,83,95,145]
REVERSAL;[30]
REVERSED;[155]
REVERSIBLE;[11,56]
REVERSION;[122]
REVIEW;[14,60,84,95,97,111,165]
REVIEWED;[9,25,37,100,148,149,163,165]
RHEOGONIOMETER;[47]
RHINITIS;[23,23,23,58]
RICKETTSIA;[104]
RIGHT;[56,95,115]
RISE;[48,102]
RISK;[4,8,14,120,142]
RNA;[137,137,137,137,138,138,143,143,143,143,143,143]
ROBERTSON;[121,121]
ROCHE;[123]
ROENTGENOGRAPHY;[17]
ROENTGENOLOGIC;[16]
ROLE;[81,81,135,139,153,162]
ROLES;[43]
ROOTED;[67]
ROSE;[2,2,2,131,149]
ROSETTE;[6,6]
ROUGH;[78]
ROUTINE;[4,4,20,98,111,165]
RRNA;[138,143,143,143,143]
RUBBER;[146]
RULED;[107,112]
RUMINANT;[34]
RUSSELL;[12,12,12]
SACHS;[76]
SALINE;[124]
SALIVA;[2,19,40,40,77,114,137,137,137,139,139,139,139,141]
SALIVARY;[2,2,2,32,77,77,77,77,77,77,77,137,150,150,150]
SALT;[18,96,103,109,119,135]
SAME;[4,4,7,9,12,14,55,100,102,124]
SAMPLE;[131,131,150]
SAMPLED;[4]
SAMPLES;[33,38,47,47,71,118,131,141,141,141,141,141,141,141,143]
SAMPLING;[14]
SANT;[103,112]
SATISFACTORY;[4,34]
SAVE;[154]
SCALE;[65,145]
SCALING;[87]
SCALP;[146]
SCAN;[149,149,149,149,149]
SCANNING;[155]
SCANS;[149]
SCATTER;[2]
SCHIFF;[100]
SCHOOL;[113,127]
SCIENTIFIC;[112]
SCINTIGRAPHIC;[87]
SCINTILLATION;[93]
SCINTIPHOTOGRAPHS;[155]
SCOPE;[56,77]
SCORE;[11]
SCORES;[89,102,113,155]
SCORING;[1,62]
SCOTLAND;[73,73,73,73,73]
SCRAPE;[79]
SCREEN;[148]
SCREENED;[33,38,71]
SCREENING;[3,3,38,38,65,69,71,76,76,76,76,76,76,109,112,112,112,116,120,120,120,120,131,135]
SEA;[105,109]
SEALED;[146]
SEARCH;[13]
SEC;[22,22,22,144,144]
SECOND;[58,137]
SECONDARY;[58,98,118,129,162]
SECRETED;[23,139]
SECRETION;[66,66,77,77,77,77,77,77,114,151]
SECRETIONS;[7,8,18,23,137,137,137,137,137]
SECRETORY;[29,29,66,114]
SECTION;[14,157]
SECTIONED;[75]
SEEM;[89,104]
SEEMED;[55]
SEEMS;[4,4,55,103,104,125,139,166]
SEEN;[21,100,109,115,124]
SEES;[37]
SELECTED;[72,116]
SELECTIVE;[117]
SELF;[127,127]
SELLS;[114]
SEMINAL;[55]
SEMIQUANTITATIVE;[131]
SENSITIVE;[20,79,79,85,90,125,125,140,140,144,152]
SENSITIVITY;[34,58,97,152]
SENSORY;[145]
SEPARATE;[24]
SEPARATED;[23,122]
SEPHADEX;[141]
SEPSIS;[82]
SEPTRIN;[123]
SERA;[1,1,7,7,18,18,18,48,51,51,51,55,59,59,59,59,85,102,107,122,122,122,122,150]
SERIES;[37,111]
SERINE;[139]
SERIOUS;[37,69]
SERIOUSLY;[134]
SEROLOGICAL;[79,104]
SERUM;[1,1,1,6,11,18,18,18,18,18,18,18,19,19,19,34,55,55,55,55,55,55,55,55,59,61,62,62,62,62,63,63,63,63,63,63,63,63,67,68,71,71,71,71,71,71,85,85,85,85,85,98,98,102,102,104,106,107,107,114,114,114,118,118,118,126,126,126,140,150,150,150,150,150,152,160,160,163,163]
SERVE;[77]
SERVES;[143]
SERVICE;[76]
SESSION;[93]
SET;[83,146]
SEVEN;[61,97,100,100,100,100,108,164]
SEVENTY;[8]
SEVERAL;[14,42,59,64,85,86,97,98,140,165,166]
SEVERE;[14,14,24,37,62,63,63,75,99,103,113,145,148,160]
SEVERITY;[11,37,63,63,75,89,93,100,102,155]
SEX;[14,65,102,118]
SEXES;[65]
SEXUAL;[22,42]
SEXUALITY;[136]
SHAKEN;[131]
SHARES;[95]
SHARPLY;[47]
SHE;[91]
SHEAR;[47,47,47,47]
SHEEP;[6]
SHIELDING;[87]
SHORT;[27,106,121,121]
SHORTENING;[34]
SHORTLY;[14]
SHOULD;[3,10,43,50,56,58,67,76,83,88,89,90,94,104,117,120,120,125,135,135]
SHOW;[8,47,47,66,82,106,116,123,141,147,147,151,161]
SHOWED;[32,34,48,61,67,102,103,108,137,141,145,148,159]
SHOWING;[24,83,102]
SHOWN;[18,29,33,40,48,79,86,108,113,139]
SHOWS;[106,107,158]
SHWACHMAN;[11,102]
SIBLING;[69]
SIBLINGS;[55,55,96,108,145]
SIBSHIP;[9]
SICKLE;[104]
SIDE;[61,159]
SIDES;[115]
SIGHT;[76]
SIGN;[109,115]
SIGNIFICANCE;[1,74,78,121,147,157]
SIGNIFICANT;[6,19,24,30,47,52,53,54,62,62,65,68,80,84,88,89,102,102,106,106,107,115,137,137,141,145,145,145,147,147,154,156,161,167]
SIGNIFICANTLY;[1,6,7,7,11,19,47,62,62,62,63,63,85,106,107,107,108,118,118,123,123,144,155,160]
SIGNS;[58,58,95,135]
SILVER;[12,12]
SIMILAR;[11,12,13,22,23,43,53,77,83,94,94,100,103,106,113,137,138,140,143,143,144]
SIMILARITIES;[17]
SIMILARLY;[140]
SIMPLE;[35,62,67,69,79,87,144]
SIMPLER;[83]
SIMPLEST;[118]
SIMPLICITY;[28,83,150]
SIMPLISTIC;[56]
SIMULATE;[93]
SIMULATED;[46]
SIMULATING;[56]
SIMULTANEOUSLY;[38]
SINCE;[18,24,37,47,52,64,67,67,69,69,88,98,103,110,111,117,124,150,161]
SINGLE;[35,66,134,141,158]
SINOPULMONARY;[16]
SINUS;[16,58,58]
SINUSITIS;[58,58,58,58,58,58]
SIPUNCULUS;[114]
SISTER;[39]
SISTERS;[32]
SITE;[61,77,77]
SITES;[46,124,124]
SITUATION;[124]
SITUATIONS;[79]
SIX;[2,19,61,74,75,80,103,141,148]
SIXFOLD;[92]
SIZE;[86,86,86,87,123]
SKELETAL;[30]
SKIN;[11,53,65,74,103,105,105,105,109,109,109,115,115,115,116,119]
SLEPT;[31]
SLIGHTLY;[73,103,107,107,167]
SLIMY;[133]
SLOWLY;[47,70]
SMALL;[4,16,34,34,37,93,100,135,139,144,144,150,164]
SMALLER;[46,49]
SMOOTH;[30]
SMS;[139,139,139,139]
SOAKED;[109]
SOAKING;[103,116]
SOAPY;[119]
SOCIAL;[43,127,145,145]
SOCIALLY;[43]
SOCIETY;[136]
SOCIOECONOMIC;[145,145]
SODIUM;[3,4,4,4,4,4,4,4,4,19,66,91,91,94,124,124,126,137,137,137]
SOLUBILITY;[40]
SOLUBILIZED;[23]
SOLUBLE;[5]
SOLUTION;[18,124]
SOLUTIONS;[131]
SOMATIC;[67]
SOME;[11,14,18,25,41,46,47,60,63,76,78,79,88,104,104,104,104,111,117,117,118,137,152,163,165,165]
SOMETIMES;[2,109]
SOUNDS;[56]
SOURCES;[46]
SOUTH;[38,73,104]
SOUTHMEAD;[37]
SOY;[97]
SOYBEAN;[26,126,141]
SPARSE;[41]
SPASMODIC;[56]
SPECIAL;[43,165,165,165]
SPECIALIZED;[84]
SPECIALLY;[43,153]
SPECIES;[8,122,143,143]
SPECIFIC;[14,14,22,23,53,60,67,134,134,134,135,136,141,153,153]
SPECIFICITY;[150]
SPECIMEN;[135]
SPECIMENS;[33,100,161]
SPECTRA;[126]
SPECTRUM;[152,152]
SPECULATE;[91,134]
SPECULATION;[101]
SPENT;[44]
SPHERES;[40]
SPHERULES;[40]
SPINA;[117]
SPIROMETRY;[20]
SPITE;[27,50]
SPLEEN;[149]
SPLENIC;[149]
SPONTANEOUS;[6,117]
SPONTANEOUSLY;[60]
SPREADING;[99]
SPRINKLED;[21]
SPRUE;[9,9]
SPUTA;[47]
SPUTUM;[27,31,31,31,31,31,31,31,31,47,47,47,47,47,55,55,55,61,61,61,80,102,110,111,161,161,161]
SRAW;[22,22,22,22,22,22]
STABILITY;[53,126]
STABLE;[80,104,104,114]
STAFFORDSHIRE;[38]
STAINED;[99]
STAINING;[6,75,121,141]
STANDARD;[48,77,77,77,93,111,144,155]
STANDARDISATION;[121]
STANDARDISED;[2]
STANDARDIZATION;[77]
STANDARDIZED;[127]
STANDING;[40,40]
STAPH;[110,110,152]
STAPHOLOCOCCAL;[48]
STAPHYLOCOCCAL;[48,48,88,88,88]
STAPHYLOCOCCUS;[8,61,61,62,62,62,86,135,160]
STAPLE;[73]
STATE;[18,48,60,81,89,89,89,103,104,122,122,138]
STATEMENT;[56]
STATES;[60,69,101,157]
STATISTICALLY;[12,154,167]
STATUS;[1,15,15,50,55,89]
STAY;[31]
STEADY;[65,65]
STEATORRHEA;[89,135]
STEATORRHOEA;[30,49]
STELLAR;[40]
STEM;[43]
STEP;[46,125,125]
STI;[141,141,141,141]
STICKY;[133]
STIFFNESS;[24]
STILL;[8,47,121]
STIMULATE;[114]
STIMULATED;[48,48]
STIMULATION;[92]
STIMULI;[56,60]
STOOL;[49,98,134,134]
STOOLS;[98,150]
STORAGE;[118,165,166]
STORED;[18,121]
STORES;[165]
STRAIN;[43,86,86]
STRAINS;[7,7,7,7,7,7,7,7,8,79,79,80,104,123,123,124,152,161,161,161]
STREAK;[79]
STRENGTH;[30,30]
STRENGTHS;[136]
STREPTOCOCCI;[152]
STRESSED;[64]
STRIKINGLY;[80]
STRIP;[33]
STRIPS;[33]
STRONGLY;[163,163]
STRUCTURE;[120,126]
STUDENT;[107]
STUDIED;[1,6,11,20,20,24,29,46,51,52,62,63,64,74,89,91,144,145,151,151,155,164]
STUDIES;[19,34,34,58,63,63,64,77,77,77,79,93,106,107,108,120,139,140,140,165]
STUDY;[4,8,28,30,41,43,63,72,72,77,77,79,80,83,87,93,106,112,112,112,115,126,130,143,162,163,163,163,163,164]
STUDYING;[56,72]
SUBCELLULAR;[165]
SUBCLINICAL;[59]
SUBJECT;[22]
SUBJECTS;[2,2,19,22,24,26,26,28,54,70,70,77,107,107,122,137,137,138,140,140,141,141,144,145,147,147,147,147,150,151]
SUBLINGUAL;[137]
SUBMANDIBULAR;[40,40,137]
SUBMAXILLARY;[53,139]
SUBMAXILLIARY;[139]
SUBMITTED;[37]
SUBMUCOSAL;[137]
SUBSEQUENT;[111,141]
SUBSTANCE;[7,104,122,122]
SUBSTANCES;[167]
SUBSTANTIAL;[134]
SUBSTANTIALLY;[71]
SUBSTITUTES;[153]
SUBSTITUTION;[91]
SUBSTRATE;[131]
SUCCESSFUL;[146]
SUCCESSFULLY;[136]
SUCH;[2,10,12,14,37,43,46,58,69,72,77,78,81,81,81,81,83,83,87,88,90,90,90,104,108,111,117,118,135,136,143,163]
SUFFERED;[6]
SUFFERING;[37,126,162]
SUFFICIENT;[98,98]
SUFFICIENTLY;[33]
SUGAR;[53]
SUGGEST;[31,71,77,83,90,94,95,98,98,104,105,106,107,118,125,126,147,151]
SUGGESTED;[15,33,34,34,39,41,43,74,98,104,110,116,163,165]
SUGGESTING;[1,1,11,55,166]
SUGGESTIONS;[43]
SUGGESTIVE;[69,102,163]
SUGGESTS;[91,142,163]
SUITABLE;[4,87,112]
SULFATE;[45]
SULFUR;[149]
SULPHAMETHOXAZOLE;[123,123]
SULPHATE;[123]
SULPHONATE;[108]
SULPHOSALICYLIC;[35]
SUMMARIZED;[165]
SUPERIMPOSED;[144]
SUPPLANTED;[160]
SUPPLEMENT;[97]
SUPPLEMENTED;[108]
SUPPLEMENTS;[89]
SUPPLIED;[31]
SUPPLY;[115]
SUPPORT;[43,45,49,92,118,145,154]
SUPPORTS;[148]
SURELY;[120]
SURFACE;[6,6,6,75]
SURFACED;[78]
SURGERY;[37,37,156]
SURGICAL;[37,58]
SURGICALLY;[149]
SURPRISING;[25]
SURVEILLANCE;[111]
SURVEY;[29]
SURVEYS;[120]
SURVIVAL;[148]
SURVIVED;[37]
SUSCEPTIBILITY;[81,161,161,161]
SUSCEPTIBLE;[110,161,161,161]
SUSPECT;[58]
SUSPECTED;[34,69,94,111]
SUSPENSION;[18]
SUSPENSIONS;[85]
SWAB;[161,161,161]
SWEAT;[4,32,65,65,65,65,66,66,83,88,91,91,91,91,91,94,94,95,96,96,103,119,124,125,126,137,147,147,147,147]
SWEATING;[147]
SYMPATHOMIMETICS;[56]
SYMPTOM;[56,97,98,98,98,98]
SYMPTOMS;[32,43,58,58,69,89,95,95,95,133,135,148,160]
SYNDROME;[10,10,12,12,14,16,42,56,97,99,117,148]
SYNDROMES;[72]
SYNERGISTICALLY;[123]
SYNTHESIS;[98,98,98,108,166]
SYSTEM;[67,81,87,102,106,114,133,135]
SYSTEMATIC;[163]
SYSTEMIC;[60]
SYSTEMS;[1,62]
TABLES;[152]
TABLETS;[49,49]
TAKEN;[48]
TAKES;[65,87]
TAP;[105,109,116,116]
TARGET;[17]
TASKS;[136]
TAUSSIG;[12]
TAXES;[136]
TAY;[76]
TEACHER;[127]
TEAM;[43,153]
TEARS;[114]
TECHNETIUM;[149]
TECHNICAL;[120]
TECHNIQUE;[35,35,67,77,77,83,125,144,155,158]
TECHNIQUES;[14,14,14,14,67,81,112,151,151]
TEDIOUS;[83]
TEENAGER;[43,136]
TEETH;[75,75]
TELANGIECTASIA;[16]
TELANGIECTASIS;[16]
TEMPERATE;[104]
TEMPORAL;[91]
TEMPORARY;[117]
TEMPTING;[91]
TEN;[2,55,130]
TEND;[81]
TENDS;[133]
TENSIONS;[20,144]
TENT;[31,31,31,31]
TENTATIVELY;[78]
TENTH;[152]
TENTS;[25,25,25,90]
TERM;[27,48,66,96,106,121,121]
TERMINAL;[63,110]
TERMS;[8,165]
TEST;[3,24,24,28,33,38,60,65,67,69,69,71,77,77,77,77,77,94,94,95,104,107,109,111,111,111,111,113,116,135,144,145,145,148]
TESTED;[19,31,55,123]
TESTING;[42,47]
TESTS;[4,11,24,48,69,88,90,98,111,111,131,144,152,155]
TETRACYCLINE;[75,75,75,75,75,75,75]
TETRAZOLIUM;[111]
TEXT;[87]
THAN;[1,4,7,7,11,18,18,18,18,19,20,22,22,24,48,51,59,62,62,62,62,65,70,71,73,73,73,77,85,85,89,104,104,106,107,107,107,107,108,110,113,115,118,118,118,118,119,120,120,125,126,139,144,144,150,151,152,152,160]
THAT;[1,4,4,7,8,9,12,12,14,14,14,15,18,18,18,18,19,19,19,19,19,23,23,24,24,24,25,27,27,31,31,33,34,34,37,41,43,43,45,46,46,46,47,47,47,48,50,51,51,58,59,60,60,60,61,62,63,63,66,67,67,68,69,71,73,76,76,76,77,77,77,77,77,77,80,83,84,85,85,85,86,87,89,90,90,91,92,94,95,97,97,97,98,98,98,98,101,103,103,103,104,104,104,104,105,107,107,107,107,108,109,109,109,110,110,111,111,111,112,112,112,113,115,115,116,116,118,118,118,118,119,120,121,122,122,122,123,125,125,126,126,126,134,134,134,134,137,137,137,140,140,140,142,143,145,147,151,154,154,160,160,161,163,163,163,163,163,163,164,166]
THAWING;[114]
THE;[1,1,1,1,1,1,1,1,1,1,1,1,1,1,1,1,1,1,1,1,2,2,2,3,3,3,3,3,3,3,4,4,4,4,4,4,4,4,4,4,4,4,4,4,4,5,5,5,5,5,5,6,6,6,6,6,6,6,6,6,6,6,6,6,6,6,7,7,7,7,7,7,7,7,7,7,7,7,7,7,7,7,7,7,7,7,8,8,8,8,8,8,8,8,8,8,8,8,8,8,8,8,9,9,9,9,9,10,10,10,10,11,11,11,11,11,11,11,11,11,12,12,12,12,12,12,12,13,13,13,13,14,14,14,14,14,14,14,14,14,14,14,14,14,14,14,14,14,14,14,14,14,14,15,15,15,15,15,15,16,16,17,17,17,17,18,18,18,18,18,18,18,18,18,18,19,19,19,19,19,19,19,19,19,19,19,19,19,19,19,19,19,19,19,20,20,20,21,21,22,22,22,22,22,22,22,23,23,23,23,24,24,24,24,24,24,24,24,24,24,25,25,26,26,26,26,26,26,26,26,26,27,27,27,27,27,27,27,27,27,27,28,28,28,28,28,29,29,30,30,30,30,30,30,31,31,31,31,31,31,31,31,31,31,31,32,32,32,33,34,34,34,34,34,34,34,34,34,34,35,35,35,37,37,37,37,37,37,37,37,38,38,38,38,38,39,39,39,39,39,39,41,41,41,41,42,42,42,43,43,43,43,43,43,43,43,43,43,43,43,43,43,43,43,43,43,43,44,44,44,45,45,45,46,46,46,46,46,46,46,46,46,46,46,46,47,47,47,47,47,47,47,48,48,48,48,48,48,48,49,49,49,49,49,50,50,51,51,51,51,51,51,51,52,52,52,52,52,52,52,52,52,52,52,53,53,53,53,53,53,54,54,55,55,55,55,55,55,55,55,55,55,55,55,55,56,56,56,56,57,58,58,58,58,58,58,58,58,58,60,60,60,60,60,60,60,60,60,60,60,60,61,61,61,61,61,62,62,62,62,62,62,63,63,63,63,63,63,63,63,63,64,64,64,64,64,64,65,65,65,65,65,65,65,65,65,65,65,65,65,65,65,65,66,66,66,66,66,66,66,66,66,67,67,67,67,67,67,67,67,67,67,67,67,67,67,67,68,69,69,69,69,69,69,69,69,69,70,70,70,70,70,71,71,71,71,71,71,71,71,71,71,71,71,71,71,71,71,71,71,72,72,72,72,72,72,72,72,72,72,72,72,72,73,73,73,73,73,73,73,73,73,73,73,73,73,73,73,73,73,74,74,74,74,74,74,74,75,75,75,75,75,76,76,76,76,76,76,76,77,77,77,77,77,77,77,77,77,77,77,77,77,77,77,77,77,77,78,78,78,79,79,79,79,79,79,79,79,80,80,80,80,80,80,80,80,80,81,81,81,81,81,81,81,81,81,81,81,82,83,83,83,83,83,83,83,83,83,83,83,84,84,84,84,84,85,85,85,85,85,86,86,86,86,86,86,86,87,87,87,87,87,88,88,89,89,89,90,90,90,90,91,91,91,91,91,91,91,91,91,91,91,92,92,92,92,92,92,93,93,93,93,93,93,93,93,93,93,93,93,93,93,93,93,94,94,94,94,94,94,95,95,95,95,95,95,95,95,95,95,95,95,95,95,95,95,95,96,96,96,96,97,97,97,98,98,98,98,98,98,98,98,98,98,98,98,98,98,98,99,99,99,99,99,100,100,100,100,100,100,100,100,100,100,100,100,100,100,100,100,100,100,100,100,101,101,101,101,102,102,102,102,102,102,103,103,103,103,103,103,103,104,104,104,104,104,104,104,104,104,104,104,104,104,104,104,104,104,104,104,105,105,105,105,106,106,106,106,106,106,106,106,106,106,107,107,107,107,107,107,107,107,107,107,107,107,107,107,107,107,107,107,107,108,108,109,109,109,109,109,109,109,110,110,110,110,110,111,111,111,111,111,111,111,111,111,111,111,111,111,111,111,111,112,112,112,112,112,112,112,112,112,113,113,113,113,113,114,114,114,114,115,115,115,115,115,116,116,117,117,117,117,117,117,117,117,118,118,118,118,118,118,118,118,118,118,118,118,119,119,119,119,119,119,119,119,119,119,120,120,120,120,121,121,121,121,121,121,121,121,121,121,121,121,121,122,122,122,122,122,122,122,123,123,123,123,123,123,123,124,124,124,124,124,124,124,124,124,124,124,124,124,124,125,125,125,125,125,125,125,125,125,125,125,126,126,126,126,126,126,126,126,126,126,126,127,127,127,130,130,130,130,131,131,131,131,131,131,131,133,133,133,133,133,133,133,133,133,133,133,134,134,134,134,134,134,135,135,135,135,135,135,135,136,136,136,136,136,136,136,136,137,137,137,137,137,137,137,137,137,137,137,137,137,137,137,137,137,138,138,138,138,138,138,139,139,139,139,139,140,140,140,141,141,141,141,141,141,141,141,141,141,141,141,141,141,141,142,142,142,142,142,143,143,143,144,144,144,144,144,144,144,144,144,144,144,144,144,144,144,144,144,145,145,145,145,145,145,145,145,145,145,145,145,146,146,146,146,146,146,147,147,147,147,147,147,147,147,147,147,148,148,148,148,148,148,149,149,149,149,149,149,149,150,150,150,150,150,150,150,150,150,150,152,152,152,153,153,153,153,153,153,153,154,154,154,154,154,154,155,155,156,156,156,156,157,157,157,158,158,159,159,159,159,159,160,160,160,160,160,160,161,161,161,161,161,162,162,162,162,162,162,162,162,162,163,163,163,163,163,163,163,163,163,163,163,163,164,164,164,165,165,165,165,165,165,165,165,165,165,165,165,165,165,165,165,165,165,165,165,165,166,166,166,167]
THEIR;[11,18,18,21,42,45,48,48,49,55,55,78,93,97,97,101,104,106,108,112,112,126,135,154]
THEM;[3,133]
THEMSELVES;[133,154]
THEN;[23,47,58,66,127,135,144,159]
THEOPHYLLINE;[56]
THEORETICAL;[50]
THERAPEUTIC;[8,67,146,152,153]
THERAPY;[8,19,19,27,27,31,31,49,58,58,60,61,61,67,75,75,75,81,86,90,90,90,91,93,98,123,135,146,148,159,159,159,159,163,163]
THERE;[2,3,4,4,5,15,15,19,21,25,27,29,31,31,34,46,46,47,49,55,69,91,91,93,93,108,111,111,118,125,125,126,134,140,143,148,162,163]
THEREAFTER;[14,70]
THEREBY;[75,150]
THEREFORE;[15,31,46,69,73,111,125,139]
THEREOF;[156]
THESE;[8,11,12,14,23,24,24,24,31,34,37,45,45,46,46,47,48,48,49,54,55,55,56,58,58,59,59,63,68,76,78,78,80,81,88,97,97,98,98,101,102,106,107,111,111,111,112,112,118,119,125,126,126,130,130,131,134,137,140,140,141,141,141,144,145,146,147,148,151,154,159,160,161]
THEY;[25,32,46,46,46,48,90,95,102,121,130,134,135,147,147,163]
THICK;[133]
THIN;[103,133]
THIRD;[10,55,100]
THIRDS;[150]
THIRTEEN;[2,37]
THIRTY;[160]
THIS;[3,3,4,6,8,9,9,10,12,12,13,13,14,14,18,18,18,19,25,30,35,39,41,42,47,47,48,48,49,52,53,56,58,60,60,62,64,70,71,72,72,73,75,77,77,77,77,77,77,78,79,81,82,83,84,84,84,86,86,86,86,87,87,91,94,95,96,98,98,99,99,101,102,103,103,104,104,106,106,107,108,108,109,109,111,111,111,112,114,115,115,116,117,117,117,118,119,121,121,122,122,123,123,125,125,126,126,126,127,130,134,134,135,137,139,139,140,140,145,146,146,147,148,150,154,154,157,158,159,159,163,163,164]
THOMPSON;[110]
THOSE;[3,11,13,16,22,30,42,43,45,45,50,51,60,63,67,68,69,76,85,107,111,120,122,124,136,136,143,143,149,156,162]
THOUGH;[29,49,117]
THOUGHT;[76]
THREE;[4,15,55,71,73,75,80,86,108,109,127,127,144,164,164]
THREEFOLD;[92]
THRIVE;[148]
THROAT;[29,161,161,161]
THROUGH;[81,85,85,98]
THROUGHOUT;[23]
THUS;[18,26,46,104,108,166]
THYMUS;[6]
THYROID;[163,163,163,163,163,163,163]
THYROTROPIN;[163]
THYROXINE;[163]
TIC;[71,71,71,71,71]
TIME;[24,27,39,71,74,77,77,83,85,91,104,111,149,149,154]
TIMES;[73,89]
TIN;[53]
TISSUE;[1,1,1,16,67,67,100,125,143]
TISSUES;[14,165,165]
TITER;[48,48]
TITERS;[48,80,80]
TITRES;[55]
TLC;[144,144,144,144]
TOBRAMYCIN;[61,61,61,61,61,61,159,159]
TOCOPHEROL;[30,30,30,30,30,157]
TODAY;[104,133]
TOENAILS;[28]
TOGETHER;[122,163,166]
TOLBUTAMIDE;[57]
TOLERATED;[164]
TOLUIDINE;[74,83]
TOO;[73,134]
TOOK;[147]
TOOL;[79,127]
TOOTH;[75,75]
TOTAL;[6,6,6,19,20,43,45,45,55,59,62,63,63,63,71,77,88,111,124,130,138,138,140,140,150,150]
TOUCHED;[43]
TOWARDS;[126]
TOXIC;[18,152,159]
TRACHEA;[60]
TRACHEAL;[7,8,122,148]
TRACHEOBRONCHIAL;[50,139]
TRACT;[1,1,1,6,6,7,7,17,25,31,48,56,80,134,135,152,159,160]
TRACTS;[8,139]
TRAIT;[69]
TRANSFER;[71]
TRANSFERRIN;[55]
TRANSFORM;[40]
TRANSFORMATION;[48,48]
TRANSFORMATIONS;[55]
TRANSFUSION;[37]
TRANSIENT;[55]
TRANSIENTLY;[29]
TRANSMISSION;[162]
TRANSMITTED;[85]
TRANSPORT;[46,46,46,46,66,98,124,125,125,125,125,125,135,140,140,140,140,140,140,140,140,165,165]
TRANSPORTED;[165]
TRANSSUPPLEMENTATION;[98]
TRAPPING;[24]
TREAT;[134,135]
TREATABLE;[149]
TREATED;[8,19,30,61,86,111,122,135,141]
TREATING;[26]
TREATMENT;[14,19,25,37,43,48,57,61,84,88,89,89,89,89,90,95,101,102,118,135,153,159]
TREMENDOUS;[147]
TRIAL;[49,49,131]
TRIALS;[82,82]
TRICHLOROACETIC;[5]
TRIMESTER;[117]
TRIMETHOPRIM;[123,123]
TRIPP;[91]
TRITON;[53]
TRNA;[138,143,143,143]
TRUE;[116,140]
TRUTH;[67]
TRY;[152]
TRYPSIN;[5,5,19,26,71,71,114,131,131,141]
TRYPTIC;[71]
TUBE;[29,77,117]
TUBERCULOSIS;[60]
TUBING;[146]
TUBULES;[46]
TUMOR;[149]
TURBID;[139]
TURBIDITY;[139]
TURN;[126]
TWELVE;[95]
TWENTY;[108,155]
TWICE;[73]
TWINS;[98,98,98,103]
TWO;[3,11,12,19,32,46,47,47,54,61,65,72,85,96,98,103,122,137,138,141,141,143,150,151]
TYPE;[104,114,135,141,141,141,162]
TYPES;[78,86,107,121]
TYPHUS;[104,104]
TYPING;[79,79,79,79]
ULCERATIVE;[41]
ULTIMATE;[89]
ULTIMATELY;[84]
ULTRASONIC;[31,93]
ULTRAVIOLET;[75]
UNABLE;[19,124,140]
UNAFFECTED;[103,133]
UNAVAILABLE;[120]
UNCERTAIN;[2,120]
UNCERTAINTY;[43]
UNCHANGED;[63]
UNCLEAR;[121,157,163]
UNCOMMON;[61]
UNDER;[2,75,105]
UNDERGO;[164]
UNDERLYING;[37,81,92,95,163,163]
UNDERNUTRITION;[55]
UNDERSTAND;[19,134]
UNDERSTANDABLE;[72]
UNDERSTANDING;[72,125]
UNDERTAKEN;[163]
UNDERWENT;[50]
UNDETECTABLE;[55,147]
UNDOUBTEDLY;[76]
UNDULY;[88]
UNEQUIVOCAL;[108]
UNEVEN;[155]
UNEXPECTED;[18,100]
UNFIT;[37]
UNFORTUNATE;[136]
UNFORTUNATELY;[77]
UNITED;[60,69]
UNITS;[11]
UNKNOWN;[27,32,40,91,117,125,149]
UNLESS;[67]
UNLIKELY;[52]
UNLIMITED;[14]
UNOBTAINABLE;[46]
UNPALATABLE;[101]
UNPLEASANT;[101]
UNPREDICTABLY;[147]
UNRECOGNIZED;[95]
UNRELATED;[100,167]
UNSOLVED;[104]
UNSPENT;[44]
UNSUSPECTED;[99]
UNTIL;[2]
UNTOWARD;[101]
UNTREATED;[19,111,151]
UNUSUAL;[99,99]
UPON;[34,65,73,73,78,136,136,136]
UPPER;[56,65,65,155]
UPSTREAM;[24]
UPTAKE;[108,108,108,121,121,165]
UREA;[49]
URIDINE;[143]
URINARY;[152]
URINE;[14,49,55,98,114,114,114,114,114,150]
USE;[21,25,67,72,79,87,90,93,95,101,101,146,146,152,165]
USED;[4,4,14,14,15,18,18,18,33,35,67,69,72,79,90,145,148]
USEFUL;[71,79,115,143,149,149,155]
USEFULNESS;[67,155]
USING;[1,3,15,28,47,48,49,53,66,77,102,106,115,121,125,127,131,137,137,138]
USUAL;[37,95]
USUALLY;[16,46,81,152]
UTERO;[14,99]
UTILISE;[112]
UTILIZATION;[98]
UTILIZED;[81,162]
UTILIZING;[35,77]
VACCINATED;[48,82,82,164]
VACCINATION;[82,164]
VACCINE;[82,82,164]
VACUOLES;[166]
VALIDITY;[127]
VALUABLE;[65,83,112]
VALUE;[1,14,27,34,37,38,79,79,83,84,111,151]
VALUES;[2,3,24,28,65,65,65,65,71,98,98,107,108,126,139,139,144]
VARIABLE;[41,56,77,89,93,121]
VARIANCE;[47,151]
VARIANT;[12]
VARIANTS;[86]
VARIATION;[86,87,89,106]
VARIATIONS;[19,93,108,138,149]
VARIED;[24]
VARIES;[4,105,147]
VARIETY;[33,56,60,78,116,118,153,157]
VARIOUS;[22,27,27,28,55,55,56,60,81,126]
VARY;[147]
VARYING;[51,51]
VASCULAR;[100,100]
VEIN;[146,164]
VENTILATED;[93]
VENTILATION;[87,93,93,155,155,155,155]
VERBALIZES;[58]
VERIFY;[97]
VERTICALLY;[75]
VERY;[2,70,76,79,102,103,104,111,114,118,125,147,166]
VESICULAR;[83]
VEXATIOUS;[135]
VIABLE;[81,123]
VICTIMS;[165]
VICTORIAN;[43]
VIEW;[68,160]
VIGOROUS;[148]
VILLI;[34]
VILLOUS;[2,34,41]
VINELAND;[145]
VIOLET;[131]
VIRULENCE;[7]
VIS;[154,154]
VISCID;[151,151]
VISCOSITY;[31,31,31,31,31,31,41,47,47,47,77,77,77]
VISIBLE;[75]
VISIT;[111]
VISUALIZATION;[14]
VISUALIZED;[93]
VITAL;[144]
VITAMIN;[46,126,126,126,126,157,157,157,165,165,165,165,165,165]
VITRO;[40,72,86,86,123,123,154,161]
VIVO;[72,86,86]
VMAX;[144,144]
VOLUME;[20,20,20,20,20,20,22,24,24,24,24,24,24,27,31,31,31,31,49,77,77,77,90,144]
VOLUMES;[24,24,24,144,144]
VOLUMETRIC;[77]
VOLUNTEERS;[143]
VOLVULUS;[37,37]
VOMITING;[37,61,101]
VULGARIS;[85,85,104]
VULNERABLE;[43]
WAIS;[145]
WALES;[38,73,73,73,73,73]
WALL;[81]
WARM;[105,116,119]
WAS;[1,2,2,2,3,4,4,5,5,5,5,5,5,6,6,6,7,7,7,8,8,8,9,11,14,15,15,18,18,18,18,18,20,20,21,22,22,22,22,23,23,23,24,24,24,25,25,26,26,26,29,29,30,30,31,31,31,31,31,32,32,33,33,34,34,37,38,40,40,43,45,47,48,48,49,49,51,51,52,53,53,54,55,57,61,61,61,61,61,61,62,62,63,63,65,66,68,70,70,70,70,70,71,73,73,73,74,74,75,75,75,75,77,77,77,85,85,85,86,86,86,86,86,86,89,91,91,91,91,91,92,93,93,93,93,93,93,93,97,99,99,100,100,100,100,100,102,102,102,103,107,107,107,107,108,108,111,111,114,114,115,115,116,116,118,118,121,121,123,127,127,137,139,140,140,140,143,144,144,144,145,147,148,148,148,149,149,149,151,155,156,158,159,159,159,159,160,161,162,163,166,167]
WASHED;[4]
WASHING;[105]
WASHINGTON;[13]
WASTING;[30,103,103]
WATER;[25,31,31,31,31,31,103,105,105,109,109,109,115,116,116,119,119,119,134]
WATERY;[134]
WEAKNESS;[30]
WEATHER;[105]
WEEK;[111]
WEEKS;[2,74,148]
WEIGHT;[70,71,93,123,137,139]
WEIL;[104]
WEISSENBERG;[47]
WELL;[8,18,46,48,79,97,103,115,142,143,147]
WERE;[1,1,1,1,1,2,3,4,6,6,6,7,7,11,11,11,13,18,19,19,19,19,20,20,22,22,23,23,24,24,24,24,24,26,29,29,29,31,33,33,34,34,37,37,37,37,37,37,38,38,39,43,44,48,48,48,49,51,53,53,54,55,55,55,55,55,55,55,55,55,59,59,59,59,61,61,61,61,61,62,62,62,62,62,63,63,63,63,63,65,65,65,68,68,70,71,71,71,72,73,73,73,74,75,75,75,77,78,80,83,85,85,85,86,86,89,89,89,91,91,92,92,93,95,95,95,98,99,100,100,100,100,100,105,107,111,111,111,111,113,114,115,115,122,124,124,130,137,137,138,138,140,140,140,140,141,141,143,143,143,144,144,144,144,144,144,144,144,144,144,145,145,145,145,148,148,149,149,150,151,155,155,155,155,155,156,159,160,160,161,161,161,161,161,164,164,164,164,166,167]
WEST;[39,64,73]
WHAT;[56,106,134]
WHEAT;[34]
WHEATEN;[73,73]
WHEEZES;[60]
WHEEZING;[56,56,56,56]
WHEN;[11,18,27,33,33,34,48,56,58,69,69,71,79,88,94,97,103,109,115,122,134,135,150,153,158]
WHERAS;[6]
WHERE;[103,104,104,104,144,162]
WHEREAS;[5,6,7,19,62,62,62,63,63,71,71,75,93,104,107,141,161]
WHETHER;[91,91,101,125,140,151]
WHICH;[2,3,4,6,8,8,9,13,14,18,30,38,40,40,43,46,49,50,50,59,63,65,67,69,70,73,73,76,76,77,84,93,93,104,110,111,111,114,117,118,119,121,122,130,133,136,139,141,141,147,147,157,158,162,163,165,165,165]
WHILE;[91,102,144,150]
WHITE;[69,69,83,83,111,118,118,118,121,121,121]
WHITENESS;[39]
WHITES;[13,13]
WHO;[12,15,15,24,37,42,48,58,75,97,97,113,133,133,145,156,160,164,164]
WHOLE;[63,85,135,155,164]
WHOM;[13,34,39,68,91,107,134,145]
WHOSE;[39,45,120]
WHY;[8]
WIDE;[2,47,60,116,162]
WIDELY;[24,35,79]
WIDESPREAD;[27,95]
WILL;[14,14,14,16,72,72,84,108,130,134,143]
WISC;[145]
WISH;[96,112]
WITH;[1,1,1,2,2,2,2,2,5,5,6,6,6,7,7,7,7,7,7,8,8,11,12,12,12,13,13,13,14,14,14,18,19,19,19,19,20,20,21,21,22,22,23,23,23,23,23,24,24,24,26,26,26,26,27,29,29,29,30,30,30,30,31,31,31,32,33,34,34,35,37,37,40,41,42,43,43,43,45,47,47,48,48,48,48,48,49,50,52,55,55,55,55,57,57,57,58,58,59,59,60,61,61,61,61,62,62,62,62,62,62,62,62,63,63,63,63,63,63,63,63,64,64,64,65,65,65,65,65,67,67,68,68,69,70,70,70,70,71,73,74,74,75,76,78,80,80,80,81,81,81,82,82,82,82,83,83,83,84,84,85,85,86,86,86,86,86,86,88,88,88,88,88,88,89,89,89,89,89,90,90,90,91,91,92,92,93,93,93,93,93,93,94,95,95,96,96,96,96,96,97,97,97,97,97,98,98,98,98,98,98,99,99,99,100,100,100,100,101,102,103,103,103,103,103,104,104,104,107,107,108,108,109,109,109,110,111,111,113,114,115,116,117,118,118,118,118,119,119,120,121,122,122,122,122,122,123,123,123,123,125,126,126,127,129,130,131,134,136,137,137,138,139,139,139,139,140,140,140,141,141,141,141,141,143,143,143,143,144,145,146,146,147,147,148,148,148,148,149,149,149,149,149,150,150,150,150,151,154,155,155,155,155,158,158,159,159,159,160,160,160,160,161,163,163,163,163,163,163,163,163,163,163,164,165,166,166,166,166,167,167,167]
WITHIN;[5,9,78,93,93,94,120,121,159]
WITHOUT;[14,19,31,38,62,62,62,88,96,103,163]
WITHSTOOD;[114]
WITNESS;[162]
WOMAN;[15]
WOMEN;[15,15,107,107,107,107]
WOODS;[112]
WORK;[19,19,153,162]
WORKER;[127]
WORKERS;[152]
WORKING;[19,149]
WORLD;[104]
WORSENING;[24]
WOULD;[12,12,12,45,56,73,77,91,104,105,147]
WRINKLE;[103]
WRINKLES;[109,109,119]
WRINKLING;[103,103,103,105,105,105,105,115,115,115,115,116,116,119]
XENON;[93]
YEAR;[2,3,7,7,8,12,38,91,152]
YEARS;[4,14,22,22,22,22,29,39,42,48,51,51,51,63,65,65,65,79,89,93,102,145,145,155,160]
YEAST;[143]
YELLOW;[131]
YET;[73,84,91,106,120,135,141]
YIELD;[149]
YORK;[30,130]
YOUNG;[22,26,50,58,64,107,107,116]
YRS;[48]
ZONE;[47,47,141,155]
ZONES;[47]
ZYMOGEN;[40]
ZYMOGRAMS;[150]
